submission_id,survey_id,participant_id,video_condition,condition_order,total_conditions,page_session_id,started_at,completed_at,total_duration_sec,raw_tlx_sum,raw_tlx_mean,overall_workload,created_at,mental_question_id,mental_dimension_label,mental_display_order,mental_question_text,mental_slider_value,mental_first_shown_sec,mental_latency_to_first_input_sec,mental_cumulative_duration_sec,mental_visits,mental_revision_count,physical_question_id,physical_dimension_label,physical_display_order,physical_question_text,physical_slider_value,physical_first_shown_sec,physical_latency_to_first_input_sec,physical_cumulative_duration_sec,physical_visits,physical_revision_count,temporal_question_id,temporal_dimension_label,temporal_display_order,temporal_question_text,temporal_slider_value,temporal_first_shown_sec,temporal_latency_to_first_input_sec,temporal_cumulative_duration_sec,temporal_visits,temporal_revision_count,performance_question_id,performance_dimension_label,performance_display_order,performance_question_text,performance_slider_value,performance_first_shown_sec,performance_latency_to_first_input_sec,performance_cumulative_duration_sec,performance_visits,performance_revision_count,effort_question_id,effort_dimension_label,effort_display_order,effort_question_text,effort_slider_value,effort_first_shown_sec,effort_latency_to_first_input_sec,effort_cumulative_duration_sec,effort_visits,effort_revision_count,frustration_question_id,frustration_dimension_label,frustration_display_order,frustration_question_text,frustration_slider_value,frustration_first_shown_sec,frustration_latency_to_first_input_sec,frustration_cumulative_duration_sec,frustration_visits,frustration_revision_count,overall_question_id,overall_dimension_label,overall_display_order,overall_question_text,overall_slider_value,overall_first_shown_sec,overall_latency_to_first_input_sec,overall_cumulative_duration_sec,overall_visits,overall_revision_count
f66b304f-11c1-4766-a99e-b3aea4a7b129,nasa_task_90,A001,short,1,3,1553b506-b2bc-4c56-83a3-bad55ab0e8e7,2026-07-18T01:23:47.67+00:00,2026-07-18T01:24:36.998+00:00,49.328,155,25.8333333333333,79,2026-07-18T01:24:37.896927+00:00,NTX_Mental,精神的要求,1,Q1. 直前の動画視聴タスクを行うために、どの程度頭を使いましたか？（考える、決める、記憶する、見るなど）,10,0,5.703,8.351,1,0,NTX_Physical,身体的要求,2,Q2. 直前の動画視聴タスクは、どの程度身体的に疲れましたか？,58,8.352,3.969,5.224,1,0,NTX_Temporal,時間的要求,3,Q3. 直前の動画視聴タスク中に、時間に追われている感覚はどの程度ありましたか？,3,13.576,5.915,7.441,1,0,NTX_Performance,パフォーマンス,4,Q4. 直前の動画視聴タスクの出来について、どの程度うまくできたと思いますか？（低い値ほど良い出来、高い値ほど悪い出来を表します）,4,21.017,8.994,14.73,1,0,NTX_Effort,努力,5,Q5. 直前の動画視聴タスクを行うために、どの程度努力しましたか？,1,35.748,3.79,5.697,1,0,NTX_Frustration,フラストレーション,6,Q6. 直前の動画視聴タスク中に、どの程度いらいら・不安・ストレスを感じましたか？,79,41.444,1.914,4.134,1,0,NTX_Overall,全体的負荷,7,Q7. 直前の動画視聴タスク全体として、どのくらいの負荷を感じましたか？,79,45.578,1.414,2.349,1,0
7b1e3a5f-23f7-4df6-aac0-88ae45d08e62,nasa_task_90,A001,med,1,3,57522f08-8570-4ea7-aec1-fec9159307c7,2026-07-18T01:49:05.212+00:00,2026-07-18T01:49:54.191+00:00,48.979,83,13.8333333333333,5,2026-07-18T01:49:55.13198+00:00,NTX_Mental,精神的要求,1,Q1. 直前の動画視聴タスクを行うために、どの程度頭を使いましたか？（考える、決める、記憶する、見るなど）,1,0,13.031,15.164,1,0,NTX_Physical,身体的要求,2,Q2. 直前の動画視聴タスクは、どの程度身体的に疲れましたか？,0,15.164,1.884,5.574,1,0,NTX_Temporal,時間的要求,3,Q3. 直前の動画視聴タスク中に、時間に追われている感覚はどの程度ありましたか？,0,20.738,2.363,4.519,1,0,NTX_Performance,パフォーマンス,4,Q4. 直前の動画視聴タスクの出来について、どの程度うまくできたと思いますか？（低い値ほど良い出来、高い値ほど悪い出来を表します）,13,25.257,1.778,6.412,1,0,NTX_Effort,努力,5,Q5. 直前の動画視聴タスクを行うために、どの程度努力しましたか？,69,31.669,1.478,4.881,1,0,NTX_Frustration,フラストレーション,6,Q6. 直前の動画視聴タスク中に、どの程度いらいら・不安・ストレスを感じましたか？,0,36.55,1.564,4.34,1,0,NTX_Overall,全体的負荷,7,Q7. 直前の動画視聴タスク全体として、どのくらいの負荷を感じましたか？,5,40.891,1.335,7.074,1,0
a090bd07-4d2e-4da2-80cc-d911219b8b8c,nasa_task_90,A001,control,1,3,8785fba1-07fe-401a-b899-fc591a64ef8e,2026-07-18T02:12:30.499+00:00,2026-07-18T02:13:05.147+00:00,34.649,339,56.5,75,2026-07-18T02:13:06.112767+00:00,NTX_Mental,精神的要求,1,Q1. 直前の動画視聴タスクを行うために、どの程度頭を使いましたか？（考える、決める、記憶する、見るなど）,85,0,2.662,6.692,1,0,NTX_Physical,身体的要求,2,Q2. 直前の動画視聴タスクは、どの程度身体的に疲れましたか？,57,6.692,1.638,7.392,1,0,NTX_Temporal,時間的要求,3,Q3. 直前の動画視聴タスク中に、時間に追われている感覚はどの程度ありましたか？,62,14.085,2.477,3.775,1,0,NTX_Performance,パフォーマンス,4,Q4. 直前の動画視聴タスクの出来について、どの程度うまくできたと思いますか？（低い値ほど良い出来、高い値ほど悪い出来を表します）,10,17.86,2.03,3.633,1,0,NTX_Effort,努力,5,Q5. 直前の動画視聴タスクを行うために、どの程度努力しましたか？,66,21.493,1.532,4.181,1,0,NTX_Frustration,フラストレーション,6,Q6. 直前の動画視聴タスク中に、どの程度いらいら・不安・ストレスを感じましたか？,59,25.674,1.645,2.793,1,0,NTX_Overall,全体的負荷,7,Q7. 直前の動画視聴タスク全体として、どのくらいの負荷を感じましたか？,75,28.467,4.08,4.984,1,0
b8c3e1d9-36f7-485c-b9f5-57970b4ece7c,nasa_task_90,A002,short,1,3,b5ee62fb-f95b-420f-97cb-6529b81de592,2026-07-18T03:18:50.249+00:00,2026-07-18T03:19:49.34+00:00,59.091,113,18.8333333333333,10,2026-07-18T03:19:52.901142+00:00,NTX_Mental,精神的要求,1,Q1. 直前の動画視聴タスクを行うために、どの程度頭を使いましたか？（考える、決める、記憶する、見るなど）,54,0,8.451,16.673,1,0,NTX_Physical,身体的要求,2,Q2. 直前の動画視聴タスクは、どの程度身体的に疲れましたか？,14,16.674,3.371,6.942,1,0,NTX_Temporal,時間的要求,3,Q3. 直前の動画視聴タスク中に、時間に追われている感覚はどの程度ありましたか？,4,23.616,2.735,5.521,1,0,NTX_Performance,パフォーマンス,4,Q4. 直前の動画視聴タスクの出来について、どの程度うまくできたと思いますか？（低い値ほど良い出来、高い値ほど悪い出来を表します）,14,29.137,6.608,9.125,1,0,NTX_Effort,努力,5,Q5. 直前の動画視聴タスクを行うために、どの程度努力しましたか？,6,38.262,1.738,5.879,1,0,NTX_Frustration,フラストレーション,6,Q6. 直前の動画視聴タスク中に、どの程度いらいら・不安・ストレスを感じましたか？,21,44.141,2.339,5.506,1,0,NTX_Overall,全体的負荷,7,Q7. 直前の動画視聴タスク全体として、どのくらいの負荷を感じましたか？,10,49.647,2.056,4.62,1,0
12c25f6c-ecf9-403f-a37e-7a086a30223b,nasa_task_90,A002,med,2,3,b5ee62fb-f95b-420f-97cb-6529b81de592,2026-07-18T03:50:46.397+00:00,2026-07-18T03:51:39.739+00:00,53.342,78,13,0,2026-07-18T03:51:41.862508+00:00,NTX_Mental,精神的要求,1,Q1. 直前の動画視聴タスクを行うために、どの程度頭を使いましたか？（考える、決める、記憶する、見るなど）,5,0,4.169,10.461,1,0,NTX_Physical,身体的要求,2,Q2. 直前の動画視聴タスクは、どの程度身体的に疲れましたか？,0,10.461,1.865,4.894,1,0,NTX_Temporal,時間的要求,3,Q3. 直前の動画視聴タスク中に、時間に追われている感覚はどの程度ありましたか？,1,15.355,1.726,4.208,1,0,NTX_Performance,パフォーマンス,4,Q4. 直前の動画視聴タスクの出来について、どの程度うまくできたと思いますか？（低い値ほど良い出来、高い値ほど悪い出来を表します）,16,19.563,4.065,11.048,1,0,NTX_Effort,努力,5,Q5. 直前の動画視聴タスクを行うために、どの程度努力しましたか？,55,30.611,4.846,9.353,1,0,NTX_Frustration,フラストレーション,6,Q6. 直前の動画視聴タスク中に、どの程度いらいら・不安・ストレスを感じましたか？,1,39.964,1.594,5.181,1,0,NTX_Overall,全体的負荷,7,Q7. 直前の動画視聴タスク全体として、どのくらいの負荷を感じましたか？,0,45.145,2.795,6.835,1,0
c2971ada-91a1-4364-8730-7b00315c06ab,nasa_task_90,A002,control,3,3,b5ee62fb-f95b-420f-97cb-6529b81de592,2026-07-18T04:25:19.459+00:00,2026-07-18T04:26:03.278+00:00,43.818,304,50.6666666666667,65,2026-07-18T04:26:05.499831+00:00,NTX_Mental,精神的要求,1,Q1. 直前の動画視聴タスクを行うために、どの程度頭を使いましたか？（考える、決める、記憶する、見るなど）,80,0,7.14,9.595,1,0,NTX_Physical,身体的要求,2,Q2. 直前の動画視聴タスクは、どの程度身体的に疲れましたか？,64,9.595,1.296,2.615,1,0,NTX_Temporal,時間的要求,3,Q3. 直前の動画視聴タスク中に、時間に追われている感覚はどの程度ありましたか？,16,12.21,1.527,4.387,1,0,NTX_Performance,パフォーマンス,4,Q4. 直前の動画視聴タスクの出来について、どの程度うまくできたと思いますか？（低い値ほど良い出来、高い値ほど悪い出来を表します）,42,16.597,2.297,9.624,1,0,NTX_Effort,努力,5,Q5. 直前の動画視聴タスクを行うために、どの程度努力しましたか？,54,26.221,2.023,3.909,1,0,NTX_Frustration,フラストレーション,6,Q6. 直前の動画視聴タスク中に、どの程度いらいら・不安・ストレスを感じましたか？,48,30.13,6.847,8.556,1,0,NTX_Overall,全体的負荷,7,Q7. 直前の動画視聴タスク全体として、どのくらいの負荷を感じましたか？,65,38.686,2.194,3.88,1,0
3a979609-c75c-4262-a506-d8761d6ad3e6,nasa_task_90,A003,short,1,3,5d59aec1-021f-40f7-bfa5-9103bd15f68a,2026-07-18T05:17:48.901+00:00,2026-07-18T05:19:02.884+00:00,73.986,112,18.6666666666667,20,2026-07-18T05:19:03.622586+00:00,NTX_Mental,精神的要求,1,Q1. 直前の動画視聴タスクを行うために、どの程度頭を使いましたか？（考える、決める、記憶する、見るなど）,19,0,14.833,19.834,1,0,NTX_Physical,身体的要求,2,Q2. 直前の動画視聴タスクは、どの程度身体的に疲れましたか？,10,19.834,4.518,5.999,1,0,NTX_Temporal,時間的要求,3,Q3. 直前の動画視聴タスク中に、時間に追われている感覚はどの程度ありましたか？,4,25.833,6.201,8.183,1,0,NTX_Performance,パフォーマンス,4,Q4. 直前の動画視聴タスクの出来について、どの程度うまくできたと思いますか？（低い値ほど良い出来、高い値ほど悪い出来を表します）,50,34.017,7.551,12.633,1,0,NTX_Effort,努力,5,Q5. 直前の動画視聴タスクを行うために、どの程度努力しましたか？,10,46.65,5.852,9.783,1,0,NTX_Frustration,フラストレーション,6,Q6. 直前の動画視聴タスク中に、どの程度いらいら・不安・ストレスを感じましたか？,19,56.433,5.651,7.566,1,0,NTX_Overall,全体的負荷,7,Q7. 直前の動画視聴タスク全体として、どのくらいの負荷を感じましたか？,20,64,6.834,8.633,1,0
73740d84-2a35-4817-92d9-120316ab8e23,nasa_task_90,A003,med,2,3,5d59aec1-021f-40f7-bfa5-9103bd15f68a,2026-07-18T05:47:53.276+00:00,2026-07-18T05:50:20.02+00:00,146.75,293,48.8333333333333,44,2026-07-18T05:50:21.015148+00:00,NTX_Mental,精神的要求,1,Q1. 直前の動画視聴タスクを行うために、どの程度頭を使いましたか？（考える、決める、記憶する、見るなど）,40,0,22.268,60.232,2,0,NTX_Physical,身体的要求,2,Q2. 直前の動画視聴タスクは、どの程度身体的に疲れましたか？,49,58.734,9.101,20.8,2,0,NTX_Temporal,時間的要求,3,Q3. 直前の動画視聴タスク中に、時間に追われている感覚はどの程度ありましたか？,10,81.033,7.034,9.184,1,0,NTX_Performance,パフォーマンス,4,Q4. 直前の動画視聴タスクの出来について、どの程度うまくできたと思いますか？（低い値ほど良い出来、高い値ほど悪い出来を表します）,85,90.217,14.984,19.834,1,0,NTX_Effort,努力,5,Q5. 直前の動画視聴タスクを行うために、どの程度努力しましたか？,50,110.051,7.467,15.732,2,1,NTX_Frustration,フラストレーション,6,Q6. 直前の動画視聴タスク中に、どの程度いらいら・不安・ストレスを感じましたか？,59,122.25,8.502,11.733,2,0,NTX_Overall,全体的負荷,7,Q7. 直前の動画視聴タスク全体として、どのくらいの負荷を感じましたか？,44,137.516,5.485,8.367,1,0
0477714a-6e64-492c-a234-e67084bd69fa,nasa_task_90,A003,control,3,3,5d59aec1-021f-40f7-bfa5-9103bd15f68a,2026-07-18T06:23:33.485+00:00,2026-07-18T06:24:39.254+00:00,65.768,283,47.1666666666667,45,2026-07-18T06:24:40.076729+00:00,NTX_Mental,精神的要求,1,Q1. 直前の動画視聴タスクを行うために、どの程度頭を使いましたか？（考える、決める、記憶する、見るなど）,56,0,9.251,12.384,1,0,NTX_Physical,身体的要求,2,Q2. 直前の動画視聴タスクは、どの程度身体的に疲れましたか？,29,12.384,2.802,6.799,1,0,NTX_Temporal,時間的要求,3,Q3. 直前の動画視聴タスク中に、時間に追われている感覚はどの程度ありましたか？,29,19.183,5.451,6.367,1,0,NTX_Performance,パフォーマンス,4,Q4. 直前の動画視聴タスクの出来について、どの程度うまくできたと思いますか？（低い値ほど良い出来、高い値ほど悪い出来を表します）,64,25.55,7.984,14.367,1,0,NTX_Effort,努力,5,Q5. 直前の動画視聴タスクを行うために、どの程度努力しましたか？,50,39.917,4.833,14.233,1,0,NTX_Frustration,フラストレーション,6,Q6. 直前の動画視聴タスク中に、どの程度いらいら・不安・ストレスを感じましたか？,55,54.151,3.501,6.149,1,0,NTX_Overall,全体的負荷,7,Q7. 直前の動画視聴タスク全体として、どのくらいの負荷を感じましたか？,45,60.3,3.334,4.367,1,0
9b05cc42-8dfc-4fbc-b95b-f1dd43a0f6f6,nasa_task_90,A004,short,1,3,e4eeb5b9-ae44-4350-a86a-9767d3d09c37,2026-07-18T07:17:48.51+00:00,2026-07-18T07:18:41.38+00:00,52.869,76,12.6666666666667,59,2026-07-18T07:18:52.47374+00:00,NTX_Mental,精神的要求,1,Q1. 直前の動画視聴タスクを行うために、どの程度頭を使いましたか？（考える、決める、記憶する、見るなど）,1,0,4.732,10.438,1,0,NTX_Physical,身体的要求,2,Q2. 直前の動画視聴タスクは、どの程度身体的に疲れましたか？,25,10.438,5.171,6.728,1,0,NTX_Temporal,時間的要求,3,Q3. 直前の動画視聴タスク中に、時間に追われている感覚はどの程度ありましたか？,1,17.166,7.13,9.201,1,0,NTX_Performance,パフォーマンス,4,Q4. 直前の動画視聴タスクの出来について、どの程度うまくできたと思いますか？（低い値ほど良い出来、高い値ほど悪い出来を表します）,3,26.367,7.691,9.66,1,0,NTX_Effort,努力,5,Q5. 直前の動画視聴タスクを行うために、どの程度努力しましたか？,1,36.027,3.082,4.559,1,0,NTX_Frustration,フラストレーション,6,Q6. 直前の動画視聴タスク中に、どの程度いらいら・不安・ストレスを感じましたか？,45,40.587,4.484,5.923,1,0,NTX_Overall,全体的負荷,7,Q7. 直前の動画視聴タスク全体として、どのくらいの負荷を感じましたか？,59,46.51,3.057,4.604,1,0
805ecc2c-6b59-45e0-9941-2cd2598119ff,nasa_task_90,A004,med,2,3,e4eeb5b9-ae44-4350-a86a-9767d3d09c37,2026-07-18T07:47:25.473+00:00,2026-07-18T07:48:01.435+00:00,35.962,46,7.66666666666667,13,2026-07-18T07:48:12.774893+00:00,NTX_Mental,精神的要求,1,Q1. 直前の動画視聴タスクを行うために、どの程度頭を使いましたか？（考える、決める、記憶する、見るなど）,16,0,4.59,6.521,1,0,NTX_Physical,身体的要求,2,Q2. 直前の動画視聴タスクは、どの程度身体的に疲れましたか？,10,6.521,2.361,4.125,1,0,NTX_Temporal,時間的要求,3,Q3. 直前の動画視聴タスク中に、時間に追われている感覚はどの程度ありましたか？,3,10.646,2.701,4.229,1,0,NTX_Performance,パフォーマンス,4,Q4. 直前の動画視聴タスクの出来について、どの程度うまくできたと思いますか？（低い値ほど良い出来、高い値ほど悪い出来を表します）,8,14.876,3.095,4.745,1,0,NTX_Effort,努力,5,Q5. 直前の動画視聴タスクを行うために、どの程度努力しましたか？,7,19.621,3.319,4.865,1,0,NTX_Frustration,フラストレーション,6,Q6. 直前の動画視聴タスク中に、どの程度いらいら・不安・ストレスを感じましたか？,2,24.487,3.347,4.983,1,0,NTX_Overall,全体的負荷,7,Q7. 直前の動画視聴タスク全体として、どのくらいの負荷を感じましたか？,13,29.469,3.377,4.889,1,0
a9340c15-7ff2-431e-8e67-ee537778820f,nasa_task_90,A004,control,3,3,e4eeb5b9-ae44-4350-a86a-9767d3d09c37,2026-07-18T08:12:09.813+00:00,2026-07-18T08:12:46.83+00:00,37.017,339,56.5,72,2026-07-18T08:12:58.179259+00:00,NTX_Mental,精神的要求,1,Q1. 直前の動画視聴タスクを行うために、どの程度頭を使いましたか？（考える、決める、記憶する、見るなど）,66,0,5.294,6.561,1,0,NTX_Physical,身体的要求,2,Q2. 直前の動画視聴タスクは、どの程度身体的に疲れましたか？,74,6.561,4.56,5.676,1,0,NTX_Temporal,時間的要求,3,Q3. 直前の動画視聴タスク中に、時間に追われている感覚はどの程度ありましたか？,16,12.237,4.224,5.613,1,0,NTX_Performance,パフォーマンス,4,Q4. 直前の動画視聴タスクの出来について、どの程度うまくできたと思いますか？（低い値ほど良い出来、高い値ほど悪い出来を表します）,49,17.849,3.358,6.984,1,0,NTX_Effort,努力,5,Q5. 直前の動画視聴タスクを行うために、どの程度努力しましたか？,67,24.833,2.75,3.817,1,0,NTX_Frustration,フラストレーション,6,Q6. 直前の動画視聴タスク中に、どの程度いらいら・不安・ストレスを感じましたか？,67,28.65,2.048,3.096,1,0,NTX_Overall,全体的負荷,7,Q7. 直前の動画視聴タスク全体として、どのくらいの負荷を感じましたか？,72,31.746,2.276,3.773,1,0
bc4d8df5-e0e3-447e-8e98-c48cf95334e8,nasa_task_90,A005,short,1,3,499ec7c2-3a10-4fab-8f99-a0c7ecedbd6b,2026-07-18T09:18:59.953+00:00,2026-07-18T09:20:08.129+00:00,68.178,180,30,46,2026-07-18T09:20:08.926267+00:00,NTX_Mental,精神的要求,1,Q1. 直前の動画視聴タスクを行うために、どの程度頭を使いましたか？（考える、決める、記憶する、見るなど）,12,0,11.596,14.336,1,0,NTX_Physical,身体的要求,2,Q2. 直前の動画視聴タスクは、どの程度身体的に疲れましたか？,40,14.336,6.242,7.45,1,0,NTX_Temporal,時間的要求,3,Q3. 直前の動画視聴タスク中に、時間に追われている感覚はどの程度ありましたか？,4,21.786,7.561,10.008,1,0,NTX_Performance,パフォーマンス,4,Q4. 直前の動画視聴タスクの出来について、どの程度うまくできたと思いますか？（低い値ほど良い出来、高い値ほど悪い出来を表します）,50,31.794,8.251,9.236,1,0,NTX_Effort,努力,5,Q5. 直前の動画視聴タスクを行うために、どの程度努力しましたか？,9,41.03,6.044,7.148,1,0,NTX_Frustration,フラストレーション,6,Q6. 直前の動画視聴タスク中に、どの程度いらいら・不安・ストレスを感じましたか？,65,48.178,6.051,6.988,1,0,NTX_Overall,全体的負荷,7,Q7. 直前の動画視聴タスク全体として、どのくらいの負荷を感じましたか？,46,55.166,5.399,11.126,1,0
384eac02-2b2b-4c0d-a69e-6fca5db74f61,nasa_task_90,A005,med,2,3,499ec7c2-3a10-4fab-8f99-a0c7ecedbd6b,2026-07-18T09:45:56.614+00:00,2026-07-18T09:46:47.605+00:00,50.992,103,17.1666666666667,9,2026-07-18T09:46:48.478464+00:00,NTX_Mental,精神的要求,1,Q1. 直前の動画視聴タスクを行うために、どの程度頭を使いましたか？（考える、決める、記憶する、見るなど）,5,0,6.21,7.431,1,0,NTX_Physical,身体的要求,2,Q2. 直前の動画視聴タスクは、どの程度身体的に疲れましたか？,19,7.431,3.645,5.391,1,0,NTX_Temporal,時間的要求,3,Q3. 直前の動画視聴タスク中に、時間に追われている感覚はどの程度ありましたか？,9,12.822,4.511,5.762,1,0,NTX_Performance,パフォーマンス,4,Q4. 直前の動画視聴タスクの出来について、どの程度うまくできたと思いますか？（低い値ほど良い出来、高い値ほど悪い出来を表します）,45,18.584,9.431,10.549,1,0,NTX_Effort,努力,5,Q5. 直前の動画視聴タスクを行うために、どの程度努力しましたか？,15,29.133,4.312,5.69,1,0,NTX_Frustration,フラストレーション,6,Q6. 直前の動画視聴タスク中に、どの程度いらいら・不安・ストレスを感じましたか？,10,34.823,4.793,6.282,1,0,NTX_Overall,全体的負荷,7,Q7. 直前の動画視聴タスク全体として、どのくらいの負荷を感じましたか？,9,41.105,7.564,8.732,1,0
66ebc976-244f-4d2e-9066-70b5384b1772,nasa_task_90,A005,control,3,3,499ec7c2-3a10-4fab-8f99-a0c7ecedbd6b,2026-07-18T10:09:42.159+00:00,2026-07-18T10:10:27.89+00:00,45.731,293,48.8333333333333,66,2026-07-18T10:10:28.776373+00:00,NTX_Mental,精神的要求,1,Q1. 直前の動画視聴タスクを行うために、どの程度頭を使いましたか？（考える、決める、記憶する、見るなど）,39,0,5.839,10.287,1,0,NTX_Physical,身体的要求,2,Q2. 直前の動画視聴タスクは、どの程度身体的に疲れましたか？,75,10.287,3.181,4.169,1,0,NTX_Temporal,時間的要求,3,Q3. 直前の動画視聴タスク中に、時間に追われている感覚はどの程度ありましたか？,9,14.456,3.307,4.799,1,0,NTX_Performance,パフォーマンス,4,Q4. 直前の動画視聴タスクの出来について、どの程度うまくできたと思いますか？（低い値ほど良い出来、高い値ほど悪い出来を表します）,65,19.255,7.785,8.941,1,0,NTX_Effort,努力,5,Q5. 直前の動画視聴タスクを行うために、どの程度努力しましたか？,35,28.196,4.064,5.434,1,0,NTX_Frustration,フラストレーション,6,Q6. 直前の動画視聴タスク中に、どの程度いらいら・不安・ストレスを感じましたか？,70,33.63,2.728,3.842,1,0,NTX_Overall,全体的負荷,7,Q7. 直前の動画視聴タスク全体として、どのくらいの負荷を感じましたか？,66,37.472,4.393,6.55,1,0
a66b42c9-e6d2-4f12-9c0e-a1b41ecd741d,nasa_task_90,A006,short,1,3,f19399bd-5301-42c9-8da8-f37a7cd3dc9a,2026-07-19T01:22:34.222+00:00,2026-07-19T01:23:31.624+00:00,57.401,200,33.3333333333333,64,2026-07-19T01:23:32.034438+00:00,NTX_Mental,精神的要求,1,Q1. 直前の動画視聴タスクを行うために、どの程度頭を使いましたか？（考える、決める、記憶する、見るなど）,31,0,5.418,10.285,1,0,NTX_Physical,身体的要求,2,Q2. 直前の動画視聴タスクは、どの程度身体的に疲れましたか？,66,10.285,3.915,7.4,1,0,NTX_Temporal,時間的要求,3,Q3. 直前の動画視聴タスク中に、時間に追われている感覚はどの程度ありましたか？,15,17.685,3.166,6.132,1,0,NTX_Performance,パフォーマンス,4,Q4. 直前の動画視聴タスクの出来について、どの程度うまくできたと思いますか？（低い値ほど良い出来、高い値ほど悪い出来を表します）,44,23.817,7.784,13.167,1,0,NTX_Effort,努力,5,Q5. 直前の動画視聴タスクを行うために、どの程度努力しましたか？,9,36.984,4.667,6.184,1,0,NTX_Frustration,フラストレーション,6,Q6. 直前の動画視聴タスク中に、どの程度いらいら・不安・ストレスを感じましたか？,35,43.168,5.216,6.783,1,0,NTX_Overall,全体的負荷,7,Q7. 直前の動画視聴タスク全体として、どのくらいの負荷を感じましたか？,64,49.951,4.256,5.7,1,0
929544d9-82a3-4d48-8a9c-c14b7fccd09b,nasa_task_90,A006,med,3,3,f19399bd-5301-42c9-8da8-f37a7cd3dc9a,2026-07-19T02:14:25.271+00:00,2026-07-19T02:14:58.854+00:00,33.583,44,7.33333333333333,8,2026-07-19T02:15:01.459125+00:00,NTX_Mental,精神的要求,1,Q1. 直前の動画視聴タスクを行うために、どの程度頭を使いましたか？（考える、決める、記憶する、見るなど）,6,0.001,3.231,5.908,1,0,NTX_Physical,身体的要求,2,Q2. 直前の動画視聴タスクは、どの程度身体的に疲れましたか？,16,5.909,2.639,3.59,1,0,NTX_Temporal,時間的要求,3,Q3. 直前の動画視聴タスク中に、時間に追われている感覚はどの程度ありましたか？,7,9.499,1.918,3.1,1,0,NTX_Performance,パフォーマンス,4,Q4. 直前の動画視聴タスクの出来について、どの程度うまくできたと思いますか？（低い値ほど良い出来、高い値ほど悪い出来を表します）,8,12.599,5.816,7.117,1,0,NTX_Effort,努力,5,Q5. 直前の動画視聴タスクを行うために、どの程度努力しましたか？,4,19.716,2.516,4.86,1,0,NTX_Frustration,フラストレーション,6,Q6. 直前の動画視聴タスク中に、どの程度いらいら・不安・ストレスを感じましたか？,3,24.576,2.389,3.856,1,0,NTX_Overall,全体的負荷,7,Q7. 直前の動画視聴タスク全体として、どのくらいの負荷を感じましたか？,8,28.432,1.917,3.984,1,0
c98c947d-a844-4138-b8dd-38c7df17d8fd,nasa_task_90,A006,control,2,3,f19399bd-5301-42c9-8da8-f37a7cd3dc9a,2026-07-19T01:48:42.616+00:00,2026-07-19T01:49:26.131+00:00,43.515,302,50.3333333333333,68,2026-07-19T01:49:26.759072+00:00,NTX_Mental,精神的要求,1,Q1. 直前の動画視聴タスクを行うために、どの程度頭を使いましたか？（考える、決める、記憶する、見るなど）,77,0,4.382,6.664,1,0,NTX_Physical,身体的要求,2,Q2. 直前の動画視聴タスクは、どの程度身体的に疲れましたか？,64,6.664,2.651,5.102,1,0,NTX_Temporal,時間的要求,3,Q3. 直前の動画視聴タスク中に、時間に追われている感覚はどの程度ありましたか？,26,11.766,6.904,8.249,1,0,NTX_Performance,パフォーマンス,4,Q4. 直前の動画視聴タスクの出来について、どの程度うまくできたと思いますか？（低い値ほど良い出来、高い値ほど悪い出来を表します）,11,20.015,5.266,6.733,1,0,NTX_Effort,努力,5,Q5. 直前の動画視聴タスクを行うために、どの程度努力しましたか？,61,26.748,5.033,7.017,1,0,NTX_Frustration,フラストレーション,6,Q6. 直前の動画視聴タスク中に、どの程度いらいら・不安・ストレスを感じましたか？,63,33.765,3.033,4.834,1,0,NTX_Overall,全体的負荷,7,Q7. 直前の動画視聴タスク全体として、どのくらいの負荷を感じましたか？,68,38.599,2.582,3.549,1,0
4e781992-7549-403a-8f0c-b2a6f342db37,nasa_task_90,A007,short,1,3,169f2598-5b2d-4b52-85d4-36c811bda762,2026-07-19T01:23:34.526+00:00,2026-07-19T01:24:10.213+00:00,35.687,129,21.5,0,2026-07-19T01:24:10.605532+00:00,NTX_Mental,精神的要求,1,Q1. 直前の動画視聴タスクを行うために、どの程度頭を使いましたか？（考える、決める、記憶する、見るなど）,33,0,8.1,10.638,1,0,NTX_Physical,身体的要求,2,Q2. 直前の動画視聴タスクは、どの程度身体的に疲れましたか？,15,10.638,2.366,3.66,1,0,NTX_Temporal,時間的要求,3,Q3. 直前の動画視聴タスク中に、時間に追われている感覚はどの程度ありましたか？,0,14.299,2.983,5.095,1,0,NTX_Performance,パフォーマンス,4,Q4. 直前の動画視聴タスクの出来について、どの程度うまくできたと思いますか？（低い値ほど良い出来、高い値ほど悪い出来を表します）,81,19.393,3.639,5.225,1,0,NTX_Effort,努力,5,Q5. 直前の動画視聴タスクを行うために、どの程度努力しましたか？,0,24.618,2.565,3.782,1,0,NTX_Frustration,フラストレーション,6,Q6. 直前の動画視聴タスク中に、どの程度いらいら・不安・ストレスを感じましたか？,0,28.399,1.578,2.759,1,0,NTX_Overall,全体的負荷,7,Q7. 直前の動画視聴タスク全体として、どのくらいの負荷を感じましたか？,0,31.159,1.208,2.754,1,0
8b29333f-5a17-40c9-9a71-e5784f241585,nasa_task_90,A007,med,2,3,62c27678-115f-459e-9b99-7e0a63cedc78,2026-07-19T02:14:50.535+00:00,2026-07-19T02:15:36.286+00:00,45.751,79,13.1666666666667,33,2026-07-19T02:15:38.952572+00:00,NTX_Mental,精神的要求,1,Q1. 直前の動画視聴タスクを行うために、どの程度頭を使いましたか？（考える、決める、記憶する、見るなど）,9,0,1.522,4.14,1,0,NTX_Physical,身体的要求,2,Q2. 直前の動画視聴タスクは、どの程度身体的に疲れましたか？,0,4.14,1.777,5.295,1,0,NTX_Temporal,時間的要求,3,Q3. 直前の動画視聴タスク中に、時間に追われている感覚はどの程度ありましたか？,5,9.435,1.732,5.169,1,0,NTX_Performance,パフォーマンス,4,Q4. 直前の動画視聴タスクの出来について、どの程度うまくできたと思いますか？（低い値ほど良い出来、高い値ほど悪い出来を表します）,35,14.604,1.784,7.26,1,0,NTX_Effort,努力,5,Q5. 直前の動画視聴タスクを行うために、どの程度努力しましたか？,7,21.864,2.841,4.888,1,0,NTX_Frustration,フラストレーション,6,Q6. 直前の動画視聴タスク中に、どの程度いらいら・不安・ストレスを感じましたか？,23,26.752,2.702,6.359,1,0,NTX_Overall,全体的負荷,7,Q7. 直前の動画視聴タスク全体として、どのくらいの負荷を感じましたか？,33,33.111,2.146,11.633,1,0
555aaeb4-fee6-44ee-a8b0-2b9902d4b0f1,nasa_task_90,A007,control,1,3,62c27678-115f-459e-9b99-7e0a63cedc78,2026-07-19T01:49:01.62+00:00,2026-07-19T01:49:28.358+00:00,26.738,187,31.1666666666667,4,2026-07-19T01:49:31.031104+00:00,NTX_Mental,精神的要求,1,Q1. 直前の動画視聴タスクを行うために、どの程度頭を使いましたか？（考える、決める、記憶する、見るなど）,58,0,2.7,4.958,1,0,NTX_Physical,身体的要求,2,Q2. 直前の動画視聴タスクは、どの程度身体的に疲れましたか？,9,4.958,1.302,3.57,1,0,NTX_Temporal,時間的要求,3,Q3. 直前の動画視聴タスク中に、時間に追われている感覚はどの程度ありましたか？,4,8.528,2.469,4.617,1,0,NTX_Performance,パフォーマンス,4,Q4. 直前の動画視聴タスクの出来について、どの程度うまくできたと思いますか？（低い値ほど良い出来、高い値ほど悪い出来を表します）,54,13.145,1.754,3.758,1,0,NTX_Effort,努力,5,Q5. 直前の動画視聴タスクを行うために、どの程度努力しましたか？,55,16.903,1.179,2.304,1,0,NTX_Frustration,フラストレーション,6,Q6. 直前の動画視聴タスク中に、どの程度いらいら・不安・ストレスを感じましたか？,7,19.207,2.118,3.122,1,0,NTX_Overall,全体的負荷,7,Q7. 直前の動画視聴タスク全体として、どのくらいの負荷を感じましたか？,4,22.329,1.537,3.477,1,0
6021f0ed-3a9b-4506-84a9-9ad4161e9d50,nasa_task_90,A008,short,1,3,dc858258-f5f9-4ad7-af3b-47659bd1b8dd,2026-07-19T01:24:53.13+00:00,2026-07-19T01:27:50.013+00:00,176.903,120,20,16,2026-07-19T01:27:50.035343+00:00,NTX_Mental,精神的要求,1,Q1. 直前の動画視聴タスクを行うために、どの程度頭を使いましたか？（考える、決める、記憶する、見るなど）,9,0,12.421,20.846,1,0,NTX_Physical,身体的要求,2,Q2. 直前の動画視聴タスクは、どの程度身体的に疲れましたか？,57,20.847,5.277,12.048,2,1,NTX_Temporal,時間的要求,3,Q3. 直前の動画視聴タスク中に、時間に追われている感覚はどの程度ありましたか？,13,27.475,5.269,14.656,3,1,NTX_Performance,パフォーマンス,4,Q4. 直前の動画視聴タスクの出来について、どの程度うまくできたと思いますか？（低い値ほど良い出来、高い値ほど悪い出来を表します）,17,36.673,21.602,50.108,3,1,NTX_Effort,努力,5,Q5. 直前の動画視聴タスクを行うために、どの程度努力しましたか？,12,77.051,5.966,16.348,3,1,NTX_Frustration,フラストレーション,6,Q6. 直前の動画視聴タスク中に、どの程度いらいら・不安・ストレスを感じましたか？,12,87.696,4.55,55.57,2,0,NTX_Overall,全体的負荷,7,Q7. 直前の動画視聴タスク全体として、どのくらいの負荷を感じましたか？,16,169.577,3.698,6.157,1,0
3179ecfe-5a8f-40eb-ac9f-1d4a853d4716,nasa_task_90,A008,med,3,3,dc858258-f5f9-4ad7-af3b-47659bd1b8dd,2026-07-19T02:22:16.787+00:00,2026-07-19T02:22:52.217+00:00,35.43,44,7.33333333333333,5,2026-07-19T02:22:52.707543+00:00,NTX_Mental,精神的要求,1,Q1. 直前の動画視聴タスクを行うために、どの程度頭を使いましたか？（考える、決める、記憶する、見るなど）,6,0,7.286,8.434,1,0,NTX_Physical,身体的要求,2,Q2. 直前の動画視聴タスクは、どの程度身体的に疲れましたか？,5,8.434,1.656,2.916,1,0,NTX_Temporal,時間的要求,3,Q3. 直前の動画視聴タスク中に、時間に追われている感覚はどの程度ありましたか？,5,11.35,2.505,4.41,1,0,NTX_Performance,パフォーマンス,4,Q4. 直前の動画視聴タスクの出来について、どの程度うまくできたと思いますか？（低い値ほど良い出来、高い値ほど悪い出来を表します）,4,15.76,2.944,4,1,0,NTX_Effort,努力,5,Q5. 直前の動画視聴タスクを行うために、どの程度努力しましたか？,19,19.76,5.78,6.74,1,0,NTX_Frustration,フラストレーション,6,Q6. 直前の動画視聴タスク中に、どの程度いらいら・不安・ストレスを感じましたか？,5,26.5,3.182,3.996,1,0,NTX_Overall,全体的負荷,7,Q7. 直前の動画視聴タスク全体として、どのくらいの負荷を感じましたか？,5,30.496,2.22,3.778,1,0
74821fcb-a0c1-4249-bf64-286ba48943cb,nasa_task_90,A008,control,2,3,dc858258-f5f9-4ad7-af3b-47659bd1b8dd,2026-07-19T01:54:28.273+00:00,2026-07-19T01:55:31.007+00:00,62.741,356,59.3333333333333,60,2026-07-19T01:55:30.948191+00:00,NTX_Mental,精神的要求,1,Q1. 直前の動画視聴タスクを行うために、どの程度頭を使いましたか？（考える、決める、記憶する、見るなど）,50,0,9.146,14.034,1,0,NTX_Physical,身体的要求,2,Q2. 直前の動画視聴タスクは、どの程度身体的に疲れましたか？,45,14.034,3.517,6.208,1,0,NTX_Temporal,時間的要求,3,Q3. 直前の動画視聴タスク中に、時間に追われている感覚はどの程度ありましたか？,62,20.242,2.682,13.756,1,0,NTX_Performance,パフォーマンス,4,Q4. 直前の動画視聴タスクの出来について、どの程度うまくできたと思いますか？（低い値ほど良い出来、高い値ほど悪い出来を表します）,82,33.998,8.958,9.858,1,0,NTX_Effort,努力,5,Q5. 直前の動画視聴タスクを行うために、どの程度努力しましたか？,61,43.856,5.166,6.252,1,0,NTX_Frustration,フラストレーション,6,Q6. 直前の動画視聴タスク中に、どの程度いらいら・不安・ストレスを感じましたか？,56,50.108,3.143,4.168,1,0,NTX_Overall,全体的負荷,7,Q7. 直前の動画視聴タスク全体として、どのくらいの負荷を感じましたか？,60,54.276,2.715,7.352,1,0
0aaedb63-fe58-4450-bacd-94260623c57f,nasa_task_90,A009,short,1,3,7a2f9619-0964-45f5-8f66-a510796d56b4,2026-07-19T01:25:45.699+00:00,2026-07-19T01:26:44.572+00:00,58.873,310,51.6666666666667,50,2026-07-19T01:26:45.260655+00:00,NTX_Mental,精神的要求,1,Q1. 直前の動画視聴タスクを行うために、どの程度頭を使いましたか？（考える、決める、記憶する、見るなど）,26,0,6.434,8.652,1,0,NTX_Physical,身体的要求,2,Q2. 直前の動画視聴タスクは、どの程度身体的に疲れましたか？,79,8.652,4.527,7.63,1,0,NTX_Temporal,時間的要求,3,Q3. 直前の動画視聴タスク中に、時間に追われている感覚はどの程度ありましたか？,16,16.282,2.502,4.963,1,0,NTX_Performance,パフォーマンス,4,Q4. 直前の動画視聴タスクの出来について、どの程度うまくできたと思いますか？（低い値ほど良い出来、高い値ほど悪い出来を表します）,82,21.245,2.99,6.962,1,0,NTX_Effort,努力,5,Q5. 直前の動画視聴タスクを行うために、どの程度努力しましたか？,23,28.207,2.344,4.029,1,0,NTX_Frustration,フラストレーション,6,Q6. 直前の動画視聴タスク中に、どの程度いらいら・不安・ストレスを感じましたか？,84,32.236,1.749,4.325,1,0,NTX_Overall,全体的負荷,7,Q7. 直前の動画視聴タスク全体として、どのくらいの負荷を感じましたか？,50,36.561,1.875,4.207,1,0
ece72cc8-457a-41b3-adf5-9820d4be00c1,nasa_task_90,A009,med,3,3,7a2f9619-0964-45f5-8f66-a510796d56b4,2026-07-19T02:21:12.968+00:00,2026-07-19T02:26:44.851+00:00,331.883,245,40.8333333333333,49,2026-07-19T02:26:44.944004+00:00,NTX_Mental,精神的要求,1,Q1. 直前の動画視聴タスクを行うために、どの程度頭を使いましたか？（考える、決める、記憶する、見るなど）,23,0,68.023,305.997,1,0,NTX_Physical,身体的要求,2,Q2. 直前の動画視聴タスクは、どの程度身体的に疲れましたか？,25,305.997,1.655,3.369,1,0,NTX_Temporal,時間的要求,3,Q3. 直前の動画視聴タスク中に、時間に追われている感覚はどの程度ありましたか？,27,309.366,4.219,6.281,1,0,NTX_Performance,パフォーマンス,4,Q4. 直前の動画視聴タスクの出来について、どの程度うまくできたと思いますか？（低い値ほど良い出来、高い値ほど悪い出来を表します）,75,315.647,1.789,3.743,1,0,NTX_Effort,努力,5,Q5. 直前の動画視聴タスクを行うために、どの程度努力しましたか？,76,319.39,1.612,3.42,1,0,NTX_Frustration,フラストレーション,6,Q6. 直前の動画視聴タスク中に、どの程度いらいら・不安・ストレスを感じましたか？,19,322.81,1.4,2.587,1,0,NTX_Overall,全体的負荷,7,Q7. 直前の動画視聴タスク全体として、どのくらいの負荷を感じましたか？,49,325.397,1.416,5.049,1,0
2551ff2d-f26c-4f42-b2f6-f2e7e210584f,nasa_task_90,A009,control,2,3,7a2f9619-0964-45f5-8f66-a510796d56b4,2026-07-19T01:58:05.362+00:00,2026-07-19T01:58:33.975+00:00,28.613,238,39.6666666666667,32,2026-07-19T01:58:33.877248+00:00,NTX_Mental,精神的要求,1,Q1. 直前の動画視聴タスクを行うために、どの程度頭を使いましたか？（考える、決める、記憶する、見るなど）,18,0,3.368,5.444,1,0,NTX_Physical,身体的要求,2,Q2. 直前の動画視聴タスクは、どの程度身体的に疲れましたか？,17,5.444,1.676,4.856,1,0,NTX_Temporal,時間的要求,3,Q3. 直前の動画視聴タスク中に、時間に追われている感覚はどの程度ありましたか？,21,10.3,1.563,2.888,1,0,NTX_Performance,パフォーマンス,4,Q4. 直前の動画視聴タスクの出来について、どの程度うまくできたと思いますか？（低い値ほど良い出来、高い値ほど悪い出来を表します）,79,13.188,2.159,5.769,1,0,NTX_Effort,努力,5,Q5. 直前の動画視聴タスクを行うために、どの程度努力しましたか？,18,18.957,1.563,2.667,1,0,NTX_Frustration,フラストレーション,6,Q6. 直前の動画視聴タスク中に、どの程度いらいら・不安・ストレスを感じましたか？,85,21.624,1.651,3.108,1,0,NTX_Overall,全体的負荷,7,Q7. 直前の動画視聴タスク全体として、どのくらいの負荷を感じましたか？,32,24.732,1.489,2.534,1,0
565f91af-dfdc-4653-8626-efe43c2b5709,nasa_task_90,A010,short,1,3,402bb31c-ab02-4bee-86cb-63dc20a85aea,2026-07-19T01:23:41.694+00:00,2026-07-19T01:24:22.945+00:00,41.25,16,2.66666666666667,2,2026-07-19T01:24:23.032687+00:00,NTX_Mental,精神的要求,1,Q1. 直前の動画視聴タスクを行うために、どの程度頭を使いましたか？（考える、決める、記憶する、見るなど）,5,0,4.1,6.717,1,0,NTX_Physical,身体的要求,2,Q2. 直前の動画視聴タスクは、どの程度身体的に疲れましたか？,4,6.717,2.26,3.8,1,0,NTX_Temporal,時間的要求,3,Q3. 直前の動画視聴タスク中に、時間に追われている感覚はどの程度ありましたか？,1,10.517,4.215,5.616,1,0,NTX_Performance,パフォーマンス,4,Q4. 直前の動画視聴タスクの出来について、どの程度うまくできたと思いますか？（低い値ほど良い出来、高い値ほど悪い出来を表します）,1,16.134,2.884,7.75,1,0,NTX_Effort,努力,5,Q5. 直前の動画視聴タスクを行うために、どの程度努力しましたか？,1,23.883,2.266,5.432,1,0,NTX_Frustration,フラストレーション,6,Q6. 直前の動画視聴タスク中に、どの程度いらいら・不安・ストレスを感じましたか？,4,29.316,2.434,6.251,1,0,NTX_Overall,全体的負荷,7,Q7. 直前の動画視聴タスク全体として、どのくらいの負荷を感じましたか？,2,35.566,3.065,4.183,1,0
19dee928-0d1c-4b58-ad1f-c40a1a55c0bd,nasa_task_90,A010,med,3,3,402bb31c-ab02-4bee-86cb-63dc20a85aea,2026-07-19T02:08:20.389+00:00,2026-07-19T02:08:48.828+00:00,28.438,6,1,1,2026-07-19T02:08:49.426482+00:00,NTX_Mental,精神的要求,1,Q1. 直前の動画視聴タスクを行うために、どの程度頭を使いましたか？（考える、決める、記憶する、見るなど）,1,0,3.261,4.476,1,0,NTX_Physical,身体的要求,2,Q2. 直前の動画視聴タスクは、どの程度身体的に疲れましたか？,1,4.476,1.939,3.013,1,0,NTX_Temporal,時間的要求,3,Q3. 直前の動画視聴タスク中に、時間に追われている感覚はどの程度ありましたか？,1,7.489,2.222,3.612,1,0,NTX_Performance,パフォーマンス,4,Q4. 直前の動画視聴タスクの出来について、どの程度うまくできたと思いますか？（低い値ほど良い出来、高い値ほど悪い出来を表します）,1,11.101,2.713,4.985,1,0,NTX_Effort,努力,5,Q5. 直前の動画視聴タスクを行うために、どの程度努力しましたか？,1,16.086,3.375,4.573,1,0,NTX_Frustration,フラストレーション,6,Q6. 直前の動画視聴タスク中に、どの程度いらいら・不安・ストレスを感じましたか？,1,20.659,2.275,3.5,1,0,NTX_Overall,全体的負荷,7,Q7. 直前の動画視聴タスク全体として、どのくらいの負荷を感じましたか？,1,24.159,1.701,3.029,1,0
e7a5e4f7-8e36-4809-bde3-d04773d524a6,nasa_task_90,A010,control,2,3,402bb31c-ab02-4bee-86cb-63dc20a85aea,2026-07-19T01:45:23.847+00:00,2026-07-19T01:46:10.357+00:00,46.509,245,40.8333333333333,35,2026-07-19T01:46:10.931217+00:00,NTX_Mental,精神的要求,1,Q1. 直前の動画視聴タスクを行うために、どの程度頭を使いましたか？（考える、決める、記憶する、見るなど）,14,0,2.985,5.749,1,0,NTX_Physical,身体的要求,2,Q2. 直前の動画視聴タスクは、どの程度身体的に疲れましたか？,80,5.749,2.085,7.884,1,0,NTX_Temporal,時間的要求,3,Q3. 直前の動画視聴タスク中に、時間に追われている感覚はどの程度ありましたか？,5,13.633,1.967,4.401,1,0,NTX_Performance,パフォーマンス,4,Q4. 直前の動画視聴タスクの出来について、どの程度うまくできたと思いますか？（低い値ほど良い出来、高い値ほど悪い出来を表します）,10,18.034,2.608,9.565,1,0,NTX_Effort,努力,5,Q5. 直前の動画視聴タスクを行うために、どの程度努力しましたか？,46,27.599,1.936,6.351,1,0,NTX_Frustration,フラストレーション,6,Q6. 直前の動画視聴タスク中に、どの程度いらいら・不安・ストレスを感じましたか？,90,33.95,2.205,5.654,1,0,NTX_Overall,全体的負荷,7,Q7. 直前の動画視聴タスク全体として、どのくらいの負荷を感じましたか？,35,39.604,2.201,5.708,1,0
574debcb-0b9b-4552-a7fa-981be2c68d97,nasa_task_90,A011,short,2,3,deb86815-016c-410c-b675-727217924c23,2026-07-19T03:49:20.524+00:00,2026-07-19T03:50:15.179+00:00,54.653,107,17.8333333333333,0,2026-07-19T03:50:15.556188+00:00,NTX_Mental,精神的要求,1,Q1. 直前の動画視聴タスクを行うために、どの程度頭を使いましたか？（考える、決める、記憶する、見るなど）,2,0,2.892,10.321,1,0,NTX_Physical,身体的要求,2,Q2. 直前の動画視聴タスクは、どの程度身体的に疲れましたか？,5,10.321,1.8,5.187,1,0,NTX_Temporal,時間的要求,3,Q3. 直前の動画視聴タスク中に、時間に追われている感覚はどの程度ありましたか？,0,15.508,1.271,3.642,1,0,NTX_Performance,パフォーマンス,4,Q4. 直前の動画視聴タスクの出来について、どの程度うまくできたと思いますか？（低い値ほど良い出来、高い値ほど悪い出来を表します）,45,19.151,2.341,21.532,1,0,NTX_Effort,努力,5,Q5. 直前の動画視聴タスクを行うために、どの程度努力しましたか？,0,40.683,1.813,3.354,1,0,NTX_Frustration,フラストレーション,6,Q6. 直前の動画視聴タスク中に、どの程度いらいら・不安・ストレスを感じましたか？,55,44.037,1.875,6.379,1,0,NTX_Overall,全体的負荷,7,Q7. 直前の動画視聴タスク全体として、どのくらいの負荷を感じましたか？,0,50.416,1.363,3.188,1,0
7bf6ddc2-540d-4e46-98db-99933a41c89a,nasa_task_90,A011,med,1,3,deb86815-016c-410c-b675-727217924c23,2026-07-19T03:19:37.391+00:00,2026-07-19T03:20:32.53+00:00,55.138,109,18.1666666666667,0,2026-07-19T03:20:33.535618+00:00,NTX_Mental,精神的要求,1,Q1. 直前の動画視聴タスクを行うために、どの程度頭を使いましたか？（考える、決める、記憶する、見るなど）,5,0,4.225,9.641,1,0,NTX_Physical,身体的要求,2,Q2. 直前の動画視聴タスクは、どの程度身体的に疲れましたか？,3,9.642,2.15,3.408,1,0,NTX_Temporal,時間的要求,3,Q3. 直前の動画視聴タスク中に、時間に追われている感覚はどの程度ありましたか？,0,13.05,3.812,6.346,1,0,NTX_Performance,パフォーマンス,4,Q4. 直前の動画視聴タスクの出来について、どの程度うまくできたと思いますか？（低い値ほど良い出来、高い値ほど悪い出来を表します）,50,19.395,4.934,9.383,1,0,NTX_Effort,努力,5,Q5. 直前の動画視聴タスクを行うために、どの程度努力しましたか？,35,28.779,2.533,6.329,1,0,NTX_Frustration,フラストレーション,6,Q6. 直前の動画視聴タスク中に、どの程度いらいら・不安・ストレスを感じましたか？,16,35.108,2.95,8.763,1,0,NTX_Overall,全体的負荷,7,Q7. 直前の動画視聴タスク全体として、どのくらいの負荷を感じましたか？,0,43.87,7.037,8.633,1,0
04a3ff3a-d088-40cc-903d-c4ac3256395f,nasa_task_90,A011,control,3,3,deb86815-016c-410c-b675-727217924c23,2026-07-19T04:15:51.473+00:00,2026-07-19T04:16:22.119+00:00,30.646,130,21.6666666666667,50,2026-07-19T04:16:22.949468+00:00,NTX_Mental,精神的要求,1,Q1. 直前の動画視聴タスクを行うために、どの程度頭を使いましたか？（考える、決める、記憶する、見るなど）,15,0,2.892,6.417,1,0,NTX_Physical,身体的要求,2,Q2. 直前の動画視聴タスクは、どの程度身体的に疲れましたか？,0,6.417,1.367,2.467,1,0,NTX_Temporal,時間的要求,3,Q3. 直前の動画視聴タスク中に、時間に追われている感覚はどの程度ありましたか？,0,8.883,1.15,2.558,1,0,NTX_Performance,パフォーマンス,4,Q4. 直前の動画視聴タスクの出来について、どの程度うまくできたと思いますか？（低い値ほど良い出来、高い値ほど悪い出来を表します）,20,11.442,1.583,4.271,1,0,NTX_Effort,努力,5,Q5. 直前の動画視聴タスクを行うために、どの程度努力しましたか？,15,15.713,2.258,4.074,1,0,NTX_Frustration,フラストレーション,6,Q6. 直前の動画視聴タスク中に、どの程度いらいら・不安・ストレスを感じましたか？,80,19.787,4.375,6.213,1,0,NTX_Overall,全体的負荷,7,Q7. 直前の動画視聴タスク全体として、どのくらいの負荷を感じましたか？,50,26,1.226,3.513,1,0
0eb21b4a-008d-4808-bae1-d09aaac68abc,nasa_task_90,A012,short,2,3,52884fa8-6304-442b-a799-a157bc7173ee,2026-07-19T03:49:59.81+00:00,2026-07-19T03:50:48.035+00:00,48.225,231,38.5,27,2026-07-19T03:50:48.032735+00:00,NTX_Mental,精神的要求,1,Q1. 直前の動画視聴タスクを行うために、どの程度頭を使いましたか？（考える、決める、記憶する、見るなど）,18,0,1.569,3.327,1,0,NTX_Physical,身体的要求,2,Q2. 直前の動画視聴タスクは、どの程度身体的に疲れましたか？,53,3.328,1.714,7.603,1,0,NTX_Temporal,時間的要求,3,Q3. 直前の動画視聴タスク中に、時間に追われている感覚はどの程度ありましたか？,54,10.93,2.34,4.769,1,0,NTX_Performance,パフォーマンス,4,Q4. 直前の動画視聴タスクの出来について、どの程度うまくできたと思いますか？（低い値ほど良い出来、高い値ほど悪い出来を表します）,50,15.7,4.136,9.022,1,0,NTX_Effort,努力,5,Q5. 直前の動画視聴タスクを行うために、どの程度努力しましたか？,25,24.722,2.886,4.047,1,0,NTX_Frustration,フラストレーション,6,Q6. 直前の動画視聴タスク中に、どの程度いらいら・不安・ストレスを感じましたか？,31,28.769,1.911,4.859,1,0,NTX_Overall,全体的負荷,7,Q7. 直前の動画視聴タスク全体として、どのくらいの負荷を感じましたか？,27,33.627,7.609,13.198,1,0
f6c6f0af-a15c-4e4d-a7f0-7dbc6f9b9565,nasa_task_90,A012,med,1,3,52884fa8-6304-442b-a799-a157bc7173ee,2026-07-19T03:20:02.668+00:00,2026-07-19T03:20:38.052+00:00,35.383,88,14.6666666666667,26,2026-07-19T03:20:37.751925+00:00,NTX_Mental,精神的要求,1,Q1. 直前の動画視聴タスクを行うために、どの程度頭を使いましたか？（考える、決める、記憶する、見るなど）,6,0,5.995,7.849,1,0,NTX_Physical,身体的要求,2,Q2. 直前の動画視聴タスクは、どの程度身体的に疲れましたか？,5,7.849,2.421,3.683,1,0,NTX_Temporal,時間的要求,3,Q3. 直前の動画視聴タスク中に、時間に追われている感覚はどの程度ありましたか？,9,11.532,1.937,3.212,1,0,NTX_Performance,パフォーマンス,4,Q4. 直前の動画視聴タスクの出来について、どの程度うまくできたと思いますか？（低い値ほど良い出来、高い値ほど悪い出来を表します）,39,14.744,3.253,4.715,1,0,NTX_Effort,努力,5,Q5. 直前の動画視聴タスクを行うために、どの程度努力しましたか？,7,19.459,6.423,7.698,1,0,NTX_Frustration,フラストレーション,6,Q6. 直前の動画視聴タスク中に、どの程度いらいら・不安・ストレスを感じましたか？,22,27.157,1.557,2.933,1,0,NTX_Overall,全体的負荷,7,Q7. 直前の動画視聴タスク全体として、どのくらいの負荷を感じましたか？,26,30.09,1.918,3.295,1,0
86484405-c78e-4eab-a962-c47d417943b7,nasa_task_90,A012,control,3,3,52884fa8-6304-442b-a799-a157bc7173ee,2026-07-19T04:16:09.569+00:00,2026-07-19T04:16:32.283+00:00,22.714,317,52.8333333333333,57,2026-07-19T04:16:32.476611+00:00,NTX_Mental,精神的要求,1,Q1. 直前の動画視聴タスクを行うために、どの程度頭を使いましたか？（考える、決める、記憶する、見るなど）,59,0,2.533,4.205,1,0,NTX_Physical,身体的要求,2,Q2. 直前の動画視聴タスクは、どの程度身体的に疲れましたか？,66,4.205,1.884,2.806,1,0,NTX_Temporal,時間的要求,3,Q3. 直前の動画視聴タスク中に、時間に追われている感覚はどの程度ありましたか？,35,7.011,1.257,2.301,1,0,NTX_Performance,パフォーマンス,4,Q4. 直前の動画視聴タスクの出来について、どの程度うまくできたと思いますか？（低い値ほど良い出来、高い値ほど悪い出来を表します）,43,9.313,1.605,3.133,1,0,NTX_Effort,努力,5,Q5. 直前の動画視聴タスクを行うために、どの程度努力しましたか？,61,12.445,1.748,2.827,1,0,NTX_Frustration,フラストレーション,6,Q6. 直前の動画視聴タスク中に、どの程度いらいら・不安・ストレスを感じましたか？,53,15.272,0.948,2.791,1,0,NTX_Overall,全体的負荷,7,Q7. 直前の動画視聴タスク全体として、どのくらいの負荷を感じましたか？,57,18.064,1.797,3.278,1,0
4e6fe439-2e2f-4be3-8477-54dca666c49c,nasa_task_90,A013,short,1,3,25542869-7409-4fca-9aa6-7f8c0c78951f,2026-07-19T03:53:42.901+00:00,2026-07-19T03:54:49.168+00:00,66.266,229,38.1666666666667,30,2026-07-19T03:54:50.962307+00:00,NTX_Mental,精神的要求,1,Q1. 直前の動画視聴タスクを行うために、どの程度頭を使いましたか？（考える、決める、記憶する、見るなど）,19,0,5.443,7.709,1,0,NTX_Physical,身体的要求,2,Q2. 直前の動画視聴タスクは、どの程度身体的に疲れましたか？,36,7.709,4.017,5.241,1,0,NTX_Temporal,時間的要求,3,Q3. 直前の動画視聴タスク中に、時間に追われている感覚はどの程度ありましたか？,18,12.95,4.989,6.886,1,0,NTX_Performance,パフォーマンス,4,Q4. 直前の動画視聴タスクの出来について、どの程度うまくできたと思いますか？（低い値ほど良い出来、高い値ほど悪い出来を表します）,52,19.836,8.148,11.499,1,0,NTX_Effort,努力,5,Q5. 直前の動画視聴タスクを行うために、どの程度努力しましたか？,51,31.335,4.664,8.303,1,0,NTX_Frustration,フラストレーション,6,Q6. 直前の動画視聴タスク中に、どの程度いらいら・不安・ストレスを感じましたか？,53,39.638,4.291,7.578,1,0,NTX_Overall,全体的負荷,7,Q7. 直前の動画視聴タスク全体として、どのくらいの負荷を感じましたか？,30,47.215,16.04,17.247,1,0
f17c69c8-5619-4d95-97d5-1b61dfa05e2b,nasa_task_90,A013,med,1,3,52bdbde2-ec61-4ba8-8179-e3c9f67d80ec,2026-07-19T03:24:11.726+00:00,2026-07-19T03:25:14.632+00:00,62.906,188,31.3333333333333,25,2026-07-19T03:25:16.493394+00:00,NTX_Mental,精神的要求,1,Q1. 直前の動画視聴タスクを行うために、どの程度頭を使いましたか？（考える、決める、記憶する、見るなど）,20,0,9.559,10.867,1,0,NTX_Physical,身体的要求,2,Q2. 直前の動画視聴タスクは、どの程度身体的に疲れましたか？,31,10.867,5.138,7.28,1,0,NTX_Temporal,時間的要求,3,Q3. 直前の動画視聴タスク中に、時間に追われている感覚はどの程度ありましたか？,15,18.148,5.217,6.563,1,0,NTX_Performance,パフォーマンス,4,Q4. 直前の動画視聴タスクの出来について、どの程度うまくできたと思いますか？（低い値ほど良い出来、高い値ほど悪い出来を表します）,39,24.711,10.957,12.574,1,0,NTX_Effort,努力,5,Q5. 直前の動画視聴タスクを行うために、どの程度努力しましたか？,50,37.284,3.606,5.556,1,0,NTX_Frustration,フラストレーション,6,Q6. 直前の動画視聴タスク中に、どの程度いらいら・不安・ストレスを感じましたか？,33,42.84,8.716,10.02,1,0,NTX_Overall,全体的負荷,7,Q7. 直前の動画視聴タスク全体として、どのくらいの負荷を感じましたか？,25,52.859,6.505,7.892,1,0
1e4d95bd-1871-4a36-af6c-807f7c2ac873,nasa_task_90,A013,control,2,3,25542869-7409-4fca-9aa6-7f8c0c78951f,2026-07-19T04:22:15.256+00:00,2026-07-19T04:23:08.142+00:00,52.886,406,67.6666666666667,76,2026-07-19T04:23:09.891321+00:00,NTX_Mental,精神的要求,1,Q1. 直前の動画視聴タスクを行うために、どの程度頭を使いましたか？（考える、決める、記憶する、見るなど）,75,0,9.495,11.279,1,0,NTX_Physical,身体的要求,2,Q2. 直前の動画視聴タスクは、どの程度身体的に疲れましたか？,60,11.279,2.32,8.277,1,0,NTX_Temporal,時間的要求,3,Q3. 直前の動画視聴タスク中に、時間に追われている感覚はどの程度ありましたか？,53,19.556,5.514,7.132,1,0,NTX_Performance,パフォーマンス,4,Q4. 直前の動画視聴タスクの出来について、どの程度うまくできたと思いますか？（低い値ほど良い出来、高い値ほど悪い出来を表します）,68,26.688,5.916,7.674,1,0,NTX_Effort,努力,5,Q5. 直前の動画視聴タスクを行うために、どの程度努力しましたか？,76,34.361,4.053,5.25,1,0,NTX_Frustration,フラストレーション,6,Q6. 直前の動画視聴タスク中に、どの程度いらいら・不安・ストレスを感じましたか？,74,39.612,3.913,5.643,1,0,NTX_Overall,全体的負荷,7,Q7. 直前の動画視聴タスク全体として、どのくらいの負荷を感じましたか？,76,45.255,3.399,5.941,1,0
6448eee6-b8c4-4c83-a175-9d871e4b479b,nasa_task_90,A015,short,2,3,4266c74d-7573-4b1c-9de4-404e3d774ade,2026-07-19T03:51:32.813+00:00,2026-07-19T03:52:28.301+00:00,55.49,242,40.3333333333333,40,2026-07-19T03:52:28.907221+00:00,NTX_Mental,精神的要求,1,Q1. 直前の動画視聴タスクを行うために、どの程度頭を使いましたか？（考える、決める、記憶する、見るなど）,25,0,6.81,8.83,1,0,NTX_Physical,身体的要求,2,Q2. 直前の動画視聴タスクは、どの程度身体的に疲れましたか？,57,8.831,2.561,8.21,1,0,NTX_Temporal,時間的要求,3,Q3. 直前の動画視聴タスク中に、時間に追われている感覚はどの程度ありましたか？,61,17.041,2.49,9.779,1,0,NTX_Performance,パフォーマンス,4,Q4. 直前の動画視聴タスクの出来について、どの程度うまくできたと思いますか？（低い値ほど良い出来、高い値ほど悪い出来を表します）,16,26.82,1.704,7.131,1,0,NTX_Effort,努力,5,Q5. 直前の動画視聴タスクを行うために、どの程度努力しましたか？,21,33.951,1.464,5.899,1,0,NTX_Frustration,フラストレーション,6,Q6. 直前の動画視聴タスク中に、どの程度いらいら・不安・ストレスを感じましたか？,62,39.85,3.31,6.41,1,0,NTX_Overall,全体的負荷,7,Q7. 直前の動画視聴タスク全体として、どのくらいの負荷を感じましたか？,40,46.26,2.772,8.072,1,0
e2cdcc0f-c7b0-4f8e-8f2b-ad2058c87226,nasa_task_90,A015,med,1,3,4266c74d-7573-4b1c-9de4-404e3d774ade,2026-07-19T03:22:40.653+00:00,2026-07-19T03:23:41.164+00:00,60.515,343,57.1666666666667,76,2026-07-19T03:23:41.885864+00:00,NTX_Mental,精神的要求,1,Q1. 直前の動画視聴タスクを行うために、どの程度頭を使いましたか？（考える、決める、記憶する、見るなど）,71,0,6.65,10.589,1,0,NTX_Physical,身体的要求,2,Q2. 直前の動画視聴タスクは、どの程度身体的に疲れましたか？,23,10.589,3.111,6.804,1,0,NTX_Temporal,時間的要求,3,Q3. 直前の動画視聴タスク中に、時間に追われている感覚はどの程度ありましたか？,61,17.393,3.923,10.617,1,0,NTX_Performance,パフォーマンス,4,Q4. 直前の動画視聴タスクの出来について、どの程度うまくできたと思いますか？（低い値ほど良い出来、高い値ほど悪い出来を表します）,61,28.01,3.554,7.04,1,0,NTX_Effort,努力,5,Q5. 直前の動画視聴タスクを行うために、どの程度努力しましたか？,59,35.05,2.704,4.462,1,0,NTX_Frustration,フラストレーション,6,Q6. 直前の動画視聴タスク中に、どの程度いらいら・不安・ストレスを感じましたか？,68,39.512,4.229,5.328,1,0,NTX_Overall,全体的負荷,7,Q7. 直前の動画視聴タスク全体として、どのくらいの負荷を感じましたか？,76,44.84,5.706,12.24,1,0
eda6d37f-3a0a-4df1-a539-1ed3c46298dc,nasa_task_90,A015,control,3,3,4266c74d-7573-4b1c-9de4-404e3d774ade,2026-07-19T04:16:24.777+00:00,2026-07-19T04:17:10.317+00:00,45.54,533,88.8333333333333,84,2026-07-19T04:17:10.777729+00:00,NTX_Mental,精神的要求,1,Q1. 直前の動画視聴タスクを行うために、どの程度頭を使いましたか？（考える、決める、記憶する、見るなど）,81,0,5.104,8.59,1,0,NTX_Physical,身体的要求,2,Q2. 直前の動画視聴タスクは、どの程度身体的に疲れましたか？,92,8.59,2.62,4.269,1,0,NTX_Temporal,時間的要求,3,Q3. 直前の動画視聴タスク中に、時間に追われている感覚はどの程度ありましたか？,96,12.859,2.482,4.201,1,0,NTX_Performance,パフォーマンス,4,Q4. 直前の動画視聴タスクの出来について、どの程度うまくできたと思いますか？（低い値ほど良い出来、高い値ほど悪い出来を表します）,86,17.06,11.902,14.92,1,0,NTX_Effort,努力,5,Q5. 直前の動画視聴タスクを行うために、どの程度努力しましたか？,82,31.98,2.701,6.401,1,0,NTX_Frustration,フラストレーション,6,Q6. 直前の動画視聴タスク中に、どの程度いらいら・不安・ストレスを感じましたか？,96,38.381,2.317,2.971,1,0,NTX_Overall,全体的負荷,7,Q7. 直前の動画視聴タスク全体として、どのくらいの負荷を感じましたか？,84,41.352,1.95,2.739,1,0
a2109d29-6050-4a37-ac22-e9edc65c52c4,nasa_task_90,A016,short,3,3,787cd8e7-45d4-4575-8f6c-ccc74177f0d7,2026-07-19T06:15:12.546+00:00,2026-07-19T06:15:44.855+00:00,32.309,139,23.1666666666667,68,2026-07-19T06:15:44.436817+00:00,NTX_Mental,精神的要求,1,Q1. 直前の動画視聴タスクを行うために、どの程度頭を使いましたか？（考える、決める、記憶する、見るなど）,4,0,3.175,5.213,1,0,NTX_Physical,身体的要求,2,Q2. 直前の動画視聴タスクは、どの程度身体的に疲れましたか？,29,5.213,2.912,4.244,1,0,NTX_Temporal,時間的要求,3,Q3. 直前の動画視聴タスク中に、時間に追われている感覚はどの程度ありましたか？,19,9.457,3.946,5.313,1,0,NTX_Performance,パフォーマンス,4,Q4. 直前の動画視聴タスクの出来について、どの程度うまくできたと思いますか？（低い値ほど良い出来、高い値ほど悪い出来を表します）,17,14.77,2.426,4.126,1,0,NTX_Effort,努力,5,Q5. 直前の動画視聴タスクを行うために、どの程度努力しましたか？,11,18.897,1.879,3.321,1,0,NTX_Frustration,フラストレーション,6,Q6. 直前の動画視聴タスク中に、どの程度いらいら・不安・ストレスを感じましたか？,59,22.218,3.274,4.582,1,0,NTX_Overall,全体的負荷,7,Q7. 直前の動画視聴タスク全体として、どのくらいの負荷を感じましたか？,68,26.8,2.988,4.089,1,0
3afa0d83-a75a-417b-8f9f-f1e13f21d802,nasa_task_90,A016,med,1,3,787cd8e7-45d4-4575-8f6c-ccc74177f0d7,2026-07-19T05:22:38.208+00:00,2026-07-19T05:23:54.517+00:00,76.309,110,18.3333333333333,9,2026-07-19T05:23:54.934981+00:00,NTX_Mental,精神的要求,1,Q1. 直前の動画視聴タスクを行うために、どの程度頭を使いましたか？（考える、決める、記憶する、見るなど）,8,0,6.727,10.104,1,0,NTX_Physical,身体的要求,2,Q2. 直前の動画視聴タスクは、どの程度身体的に疲れましたか？,9,10.104,2.699,4.196,1,0,NTX_Temporal,時間的要求,3,Q3. 直前の動画視聴タスク中に、時間に追われている感覚はどの程度ありましたか？,9,14.3,11.277,12.772,1,0,NTX_Performance,パフォーマンス,4,Q4. 直前の動画視聴タスクの出来について、どの程度うまくできたと思いますか？（低い値ほど良い出来、高い値ほど悪い出来を表します）,65,27.072,16.623,18.201,1,0,NTX_Effort,努力,5,Q5. 直前の動画視聴タスクを行うために、どの程度努力しましたか？,9,45.273,11.717,13.479,1,0,NTX_Frustration,フラストレーション,6,Q6. 直前の動画視聴タスク中に、どの程度いらいら・不安・ストレスを感じましたか？,10,58.753,2.838,4.502,1,0,NTX_Overall,全体的負荷,7,Q7. 直前の動画視聴タスク全体として、どのくらいの負荷を感じましたか？,9,63.255,8.136,10.334,1,0
d3c2a975-9a7d-4088-ad6b-88ab64fb12da,nasa_task_90,A016,control,2,3,787cd8e7-45d4-4575-8f6c-ccc74177f0d7,2026-07-19T05:50:19.68+00:00,2026-07-19T05:51:07.568+00:00,47.889,254,42.3333333333333,55,2026-07-19T05:51:07.793148+00:00,NTX_Mental,精神的要求,1,Q1. 直前の動画視聴タスクを行うために、どの程度頭を使いましたか？（考える、決める、記憶する、見るなど）,18,0,3.271,9.176,1,0,NTX_Physical,身体的要求,2,Q2. 直前の動画視聴タスクは、どの程度身体的に疲れましたか？,40,9.176,4.118,5.436,1,0,NTX_Temporal,時間的要求,3,Q3. 直前の動画視聴タスク中に、時間に追われている感覚はどの程度ありましたか？,60,14.611,3.451,4.931,1,0,NTX_Performance,パフォーマンス,4,Q4. 直前の動画視聴タスクの出来について、どの程度うまくできたと思いますか？（低い値ほど良い出来、高い値ほど悪い出来を表します）,11,19.543,7.365,9.09,1,0,NTX_Effort,努力,5,Q5. 直前の動画視聴タスクを行うために、どの程度努力しましたか？,40,28.633,4.423,6.067,1,0,NTX_Frustration,フラストレーション,6,Q6. 直前の動画視聴タスク中に、どの程度いらいら・不安・ストレスを感じましたか？,85,34.701,4.209,5.469,1,0,NTX_Overall,全体的負荷,7,Q7. 直前の動画視聴タスク全体として、どのくらいの負荷を感じましたか？,55,40.169,4.027,5.446,1,0
12c8a62c-640d-40e7-8150-2dc59c0fd6e1,nasa_task_90,A018,short,3,3,830b2cbf-fcbe-45ff-b5bc-9b1b7d08f9ea,2026-07-19T06:17:00.197+00:00,2026-07-19T06:17:43.164+00:00,42.966,215,35.8333333333333,71,2026-07-19T06:17:43.644276+00:00,NTX_Mental,精神的要求,1,Q1. 直前の動画視聴タスクを行うために、どの程度頭を使いましたか？（考える、決める、記憶する、見るなど）,14,0,3.046,8.131,1,0,NTX_Physical,身体的要求,2,Q2. 直前の動画視聴タスクは、どの程度身体的に疲れましたか？,8,8.131,2.281,4.431,1,0,NTX_Temporal,時間的要求,3,Q3. 直前の動画視聴タスク中に、時間に追われている感覚はどの程度ありましたか？,46,12.562,2.117,4.084,1,0,NTX_Performance,パフォーマンス,4,Q4. 直前の動画視聴タスクの出来について、どの程度うまくできたと思いますか？（低い値ほど良い出来、高い値ほど悪い出来を表します）,2,16.646,2.617,4.316,1,0,NTX_Effort,努力,5,Q5. 直前の動画視聴タスクを行うために、どの程度努力しましたか？,60,20.962,2.45,5.3,1,0,NTX_Frustration,フラストレーション,6,Q6. 直前の動画視聴タスク中に、どの程度いらいら・不安・ストレスを感じましたか？,85,26.262,1.717,4.55,1,0,NTX_Overall,全体的負荷,7,Q7. 直前の動画視聴タスク全体として、どのくらいの負荷を感じましたか？,71,30.812,2.679,10.518,1,0
0ece9ade-5385-4ea0-bc39-82638e3f6a8d,nasa_task_90,A018,med,1,3,830b2cbf-fcbe-45ff-b5bc-9b1b7d08f9ea,2026-07-19T05:23:24.878+00:00,2026-07-19T05:24:35.011+00:00,70.131,70,11.6666666666667,9,2026-07-19T05:24:35.254939+00:00,NTX_Mental,精神的要求,1,Q1. 直前の動画視聴タスクを行うために、どの程度頭を使いましたか？（考える、決める、記憶する、見るなど）,9,0.003,3.656,17.091,1,0,NTX_Physical,身体的要求,2,Q2. 直前の動画視聴タスクは、どの程度身体的に疲れましたか？,9,17.094,5.797,8.233,1,0,NTX_Temporal,時間的要求,3,Q3. 直前の動画視聴タスク中に、時間に追われている感覚はどの程度ありましたか？,9,25.327,3.048,5.099,1,0,NTX_Performance,パフォーマンス,4,Q4. 直前の動画視聴タスクの出来について、どの程度うまくできたと思いますか？（低い値ほど良い出来、高い値ほど悪い出来を表します）,5,30.426,8.432,12.749,1,0,NTX_Effort,努力,5,Q5. 直前の動画視聴タスクを行うために、どの程度努力しましたか？,3,43.175,2.15,3.618,1,0,NTX_Frustration,フラストレーション,6,Q6. 直前の動画視聴タスク中に、どの程度いらいら・不安・ストレスを感じましたか？,35,46.793,2.532,14.666,1,0,NTX_Overall,全体的負荷,7,Q7. 直前の動画視聴タスク全体として、どのくらいの負荷を感じましたか？,9,61.459,3.2,6.384,1,0
0489cc3c-055b-4aad-a16b-b82cd25e7a63,nasa_task_90,A018,control,2,3,830b2cbf-fcbe-45ff-b5bc-9b1b7d08f9ea,2026-07-19T05:50:15.811+00:00,2026-07-19T05:51:22.743+00:00,66.932,213,35.5,29,2026-07-19T05:51:22.968671+00:00,NTX_Mental,精神的要求,1,Q1. 直前の動画視聴タスクを行うために、どの程度頭を使いましたか？（考える、決める、記憶する、見るなど）,35,0.001,3.948,19.963,1,0,NTX_Physical,身体的要求,2,Q2. 直前の動画視聴タスクは、どの程度身体的に疲れましたか？,21,19.964,2.503,10.183,1,0,NTX_Temporal,時間的要求,3,Q3. 直前の動画視聴タスク中に、時間に追われている感覚はどの程度ありましたか？,37,30.147,3.367,8.434,1,0,NTX_Performance,パフォーマンス,4,Q4. 直前の動画視聴タスクの出来について、どの程度うまくできたと思いますか？（低い値ほど良い出来、高い値ほど悪い出来を表します）,1,38.581,4.166,8.716,1,0,NTX_Effort,努力,5,Q5. 直前の動画視聴タスクを行うために、どの程度努力しましたか？,41,47.297,2.517,6.001,1,0,NTX_Frustration,フラストレーション,6,Q6. 直前の動画視聴タスク中に、どの程度いらいら・不安・ストレスを感じましたか？,78,53.298,1.865,6.667,1,0,NTX_Overall,全体的負荷,7,Q7. 直前の動画視聴タスク全体として、どのくらいの負荷を感じましたか？,29,59.965,2.715,5.449,1,0
7a634e12-eb18-4edf-aaf1-5556706952c6,nasa_task_90,A019,short,3,3,42b59ec5-7f01-4d2f-9fc5-580597816d82,2026-07-19T06:19:31.469+00:00,2026-07-19T06:20:09.815+00:00,38.346,175,29.1666666666667,57,2026-07-19T06:20:10.33392+00:00,NTX_Mental,精神的要求,1,Q1. 直前の動画視聴タスクを行うために、どの程度頭を使いましたか？（考える、決める、記憶する、見るなど）,4,0,4.429,5.753,1,0,NTX_Physical,身体的要求,2,Q2. 直前の動画視聴タスクは、どの程度身体的に疲れましたか？,55,5.753,4.205,5.484,1,0,NTX_Temporal,時間的要求,3,Q3. 直前の動画視聴タスク中に、時間に追われている感覚はどの程度ありましたか？,13,11.238,3.284,4.903,1,0,NTX_Performance,パフォーマンス,4,Q4. 直前の動画視聴タスクの出来について、どの程度うまくできたと思いますか？（低い値ほど良い出来、高い値ほど悪い出来を表します）,16,16.141,3.163,4.417,1,0,NTX_Effort,努力,5,Q5. 直前の動画視聴タスクを行うために、どの程度努力しましたか？,4,20.558,5.942,7.517,1,0,NTX_Frustration,フラストレーション,6,Q6. 直前の動画視聴タスク中に、どの程度いらいら・不安・ストレスを感じましたか？,83,28.075,4.38,5.158,1,0,NTX_Overall,全体的負荷,7,Q7. 直前の動画視聴タスク全体として、どのくらいの負荷を感じましたか？,57,33.233,2.05,3.888,1,0
e4e65e7d-b3ff-4a5a-8156-d4e34d8f0ea1,nasa_task_90,A019,med,1,3,42b59ec5-7f01-4d2f-9fc5-580597816d82,2026-07-19T05:25:51.534+00:00,2026-07-19T05:26:48.35+00:00,56.815,109,18.1666666666667,4,2026-07-19T05:26:48.900692+00:00,NTX_Mental,精神的要求,1,Q1. 直前の動画視聴タスクを行うために、どの程度頭を使いましたか？（考える、決める、記憶する、見るなど）,16,0,7.376,11.199,1,0,NTX_Physical,身体的要求,2,Q2. 直前の動画視聴タスクは、どの程度身体的に疲れましたか？,4,11.2,5.086,6.279,1,0,NTX_Temporal,時間的要求,3,Q3. 直前の動画視聴タスク中に、時間に追われている感覚はどの程度ありましたか？,5,17.479,5.088,6.574,1,0,NTX_Performance,パフォーマンス,4,Q4. 直前の動画視聴タスクの出来について、どの程度うまくできたと思いますか？（低い値ほど良い出来、高い値ほど悪い出来を表します）,39,24.053,7.321,9.845,1,0,NTX_Effort,努力,5,Q5. 直前の動画視聴タスクを行うために、どの程度努力しましたか？,40,33.898,6.965,8.118,1,0,NTX_Frustration,フラストレーション,6,Q6. 直前の動画視聴タスク中に、どの程度いらいら・不安・ストレスを感じましたか？,5,42.017,3.657,5.017,1,0,NTX_Overall,全体的負荷,7,Q7. 直前の動画視聴タスク全体として、どのくらいの負荷を感じましたか？,4,47.034,5.441,6.787,1,0
d12c6649-d7f2-4525-ad6b-26d614390854,nasa_task_90,A019,control,2,3,42b59ec5-7f01-4d2f-9fc5-580597816d82,2026-07-19T05:52:21.663+00:00,2026-07-19T05:53:00.294+00:00,38.632,392,65.3333333333333,82,2026-07-19T05:53:00.21168+00:00,NTX_Mental,精神的要求,1,Q1. 直前の動画視聴タスクを行うために、どの程度頭を使いましたか？（考える、決める、記憶する、見るなど）,67,0,4.962,6.13,1,0,NTX_Physical,身体的要求,2,Q2. 直前の動画視聴タスクは、どの程度身体的に疲れましたか？,80,6.13,4.046,4.882,1,0,NTX_Temporal,時間的要求,3,Q3. 直前の動画視聴タスク中に、時間に追われている感覚はどの程度ありましたか？,90,11.013,3.779,4.59,1,0,NTX_Performance,パフォーマンス,4,Q4. 直前の動画視聴タスクの出来について、どの程度うまくできたと思いますか？（低い値ほど良い出来、高い値ほど悪い出来を表します）,34,15.603,4.533,6.848,1,0,NTX_Effort,努力,5,Q5. 直前の動画視聴タスクを行うために、どの程度努力しましたか？,61,22.45,2.252,4.455,1,0,NTX_Frustration,フラストレーション,6,Q6. 直前の動画視聴タスク中に、どの程度いらいら・不安・ストレスを感じましたか？,60,26.905,3.398,4.54,1,0,NTX_Overall,全体的負荷,7,Q7. 直前の動画視聴タスク全体として、どのくらいの負荷を感じましたか？,82,31.446,3.989,5.803,1,0
dab3794e-846d-4fdf-8fba-1ad1d79ae6d8,nasa_task_90,A020,short,3,3,c0a61a33-ae5d-4631-b1fb-4fe21648c75b,2026-07-19T06:13:52.832+00:00,2026-07-19T06:14:41.757+00:00,48.925,331,55.1666666666667,38,2026-07-19T06:14:42.118661+00:00,NTX_Mental,精神的要求,1,Q1. 直前の動画視聴タスクを行うために、どの程度頭を使いましたか？（考える、決める、記憶する、見るなど）,14,0,6.526,7.7,1,0,NTX_Physical,身体的要求,2,Q2. 直前の動画視聴タスクは、どの程度身体的に疲れましたか？,83,7.7,2.691,3.508,1,0,NTX_Temporal,時間的要求,3,Q3. 直前の動画視聴タスク中に、時間に追われている感覚はどの程度ありましたか？,26,11.208,6.767,8.008,1,0,NTX_Performance,パフォーマンス,4,Q4. 直前の動画視聴タスクの出来について、どの程度うまくできたと思いますか？（低い値ほど良い出来、高い値ほど悪い出来を表します）,49,19.216,7.576,8.559,1,0,NTX_Effort,努力,5,Q5. 直前の動画視聴タスクを行うために、どの程度努力しましたか？,75,27.775,4.499,5.799,1,0,NTX_Frustration,フラストレーション,6,Q6. 直前の動画視聴タスク中に、どの程度いらいら・不安・ストレスを感じましたか？,84,33.575,1.825,5.227,1,0,NTX_Overall,全体的負荷,7,Q7. 直前の動画視聴タスク全体として、どのくらいの負荷を感じましたか？,38,38.801,4.94,8.999,1,0
02a52eb8-394f-4928-863c-7a9baa282810,nasa_task_90,A020,med,1,3,c0a61a33-ae5d-4631-b1fb-4fe21648c75b,2026-07-19T05:23:25.923+00:00,2026-07-19T05:24:37.295+00:00,71.372,343,57.1666666666667,57,2026-07-19T05:24:37.390645+00:00,NTX_Mental,精神的要求,1,Q1. 直前の動画視聴タスクを行うために、どの程度頭を使いましたか？（考える、決める、記憶する、見るなど）,46,0,3.571,5.881,1,0,NTX_Physical,身体的要求,2,Q2. 直前の動画視聴タスクは、どの程度身体的に疲れましたか？,73,5.881,5.49,6.532,1,0,NTX_Temporal,時間的要求,3,Q3. 直前の動画視聴タスク中に、時間に追われている感覚はどの程度ありましたか？,50,12.412,4.442,8.55,1,0,NTX_Performance,パフォーマンス,4,Q4. 直前の動画視聴タスクの出来について、どの程度うまくできたと思いますか？（低い値ほど良い出来、高い値ほど悪い出来を表します）,33,20.963,6.249,26.301,1,0,NTX_Effort,努力,5,Q5. 直前の動画視聴タスクを行うために、どの程度努力しましたか？,74,47.264,3.878,4.898,1,0,NTX_Frustration,フラストレーション,6,Q6. 直前の動画視聴タスク中に、どの程度いらいら・不安・ストレスを感じましたか？,67,52.162,4.7,8.884,1,0,NTX_Overall,全体的負荷,7,Q7. 直前の動画視聴タスク全体として、どのくらいの負荷を感じましたか？,57,61.045,6.926,7.9,1,0
ba97cfb6-2e9a-42ef-ad36-10a3aa5df20a,nasa_task_90,A020,control,2,3,c0a61a33-ae5d-4631-b1fb-4fe21648c75b,2026-07-19T05:48:25.818+00:00,2026-07-19T05:49:05.218+00:00,39.4,549,91.5,98,2026-07-19T05:49:05.916876+00:00,NTX_Mental,精神的要求,1,Q1. 直前の動画視聴タスクを行うために、どの程度頭を使いましたか？（考える、決める、記憶する、見るなど）,93,0,4.801,6.426,1,0,NTX_Physical,身体的要求,2,Q2. 直前の動画視聴タスクは、どの程度身体的に疲れましたか？,95,6.426,2.183,3.224,1,0,NTX_Temporal,時間的要求,3,Q3. 直前の動画視聴タスク中に、時間に追われている感覚はどの程度ありましたか？,92,9.65,3.043,4.425,1,0,NTX_Performance,パフォーマンス,4,Q4. 直前の動画視聴タスクの出来について、どの程度うまくできたと思いますか？（低い値ほど良い出来、高い値ほど悪い出来を表します）,87,14.075,10.401,11.158,1,0,NTX_Effort,努力,5,Q5. 直前の動画視聴タスクを行うために、どの程度努力しましたか？,83,25.233,4.358,5.366,1,0,NTX_Frustration,フラストレーション,6,Q6. 直前の動画視聴タスク中に、どの程度いらいら・不安・ストレスを感じましたか？,99,30.6,1.576,2.668,1,0,NTX_Overall,全体的負荷,7,Q7. 直前の動画視聴タスク全体として、どのくらいの負荷を感じましたか？,98,33.267,3.824,4.757,1,0
5adbefd5-f354-48ca-a6f9-ba40c42b396f,nasa_task_90,A021,short,2,3,429e5032-2c27-4cf0-bd5a-a8669caa5f25,2026-07-19T07:53:36.623+00:00,2026-07-19T07:54:23.039+00:00,46.415,234,39,28,2026-07-19T07:54:23.451964+00:00,NTX_Mental,精神的要求,1,Q1. 直前の動画視聴タスクを行うために、どの程度頭を使いましたか？（考える、決める、記憶する、見るなど）,14,0,7.998,9.347,1,0,NTX_Physical,身体的要求,2,Q2. 直前の動画視聴タスクは、どの程度身体的に疲れましたか？,20,9.347,3.534,4.784,1,0,NTX_Temporal,時間的要求,3,Q3. 直前の動画視聴タスク中に、時間に追われている感覚はどの程度ありましたか？,86,14.131,7.05,8.401,1,0,NTX_Performance,パフォーマンス,4,Q4. 直前の動画視聴タスクの出来について、どの程度うまくできたと思いますか？（低い値ほど良い出来、高い値ほど悪い出来を表します）,50,22.532,6.867,7.933,1,0,NTX_Effort,努力,5,Q5. 直前の動画視聴タスクを行うために、どの程度努力しましたか？,25,30.465,3.766,4.883,1,0,NTX_Frustration,フラストレーション,6,Q6. 直前の動画視聴タスク中に、どの程度いらいら・不安・ストレスを感じましたか？,39,35.348,4.718,5.782,1,0,NTX_Overall,全体的負荷,7,Q7. 直前の動画視聴タスク全体として、どのくらいの負荷を感じましたか？,28,41.13,2.952,4.035,1,0
df22f31a-f089-4f0f-a24f-cb05b2b94837,nasa_task_90,A021,med,3,3,429e5032-2c27-4cf0-bd5a-a8669caa5f25,2026-07-19T08:23:31.727+00:00,2026-07-19T08:24:17.642+00:00,45.915,54,9,2,2026-07-19T08:24:18.385962+00:00,NTX_Mental,精神的要求,1,Q1. 直前の動画視聴タスクを行うために、どの程度頭を使いましたか？（考える、決める、記憶する、見るなど）,19,0.001,7.914,10.447,1,0,NTX_Physical,身体的要求,2,Q2. 直前の動画視聴タスクは、どの程度身体的に疲れましたか？,10,10.448,3.052,4.6,1,0,NTX_Temporal,時間的要求,3,Q3. 直前の動画視聴タスク中に、時間に追われている感覚はどの程度ありましたか？,0,15.048,3.684,6.916,1,0,NTX_Performance,パフォーマンス,4,Q4. 直前の動画視聴タスクの出来について、どの程度うまくできたと思いますか？（低い値ほど良い出来、高い値ほど悪い出来を表します）,24,21.964,5.55,6.751,1,0,NTX_Effort,努力,5,Q5. 直前の動画視聴タスクを行うために、どの程度努力しましたか？,0,28.715,2.833,4.383,1,0,NTX_Frustration,フラストレーション,6,Q6. 直前の動画視聴タスク中に、どの程度いらいら・不安・ストレスを感じましたか？,1,33.098,2.984,6.117,1,0,NTX_Overall,全体的負荷,7,Q7. 直前の動画視聴タスク全体として、どのくらいの負荷を感じましたか？,2,39.215,2.884,5.4,1,0
c62cf53b-2e7b-4180-8b73-f7e2e0c73e13,nasa_task_90,A021,control,1,3,429e5032-2c27-4cf0-bd5a-a8669caa5f25,2026-07-19T07:21:34.131+00:00,2026-07-19T07:23:34.513+00:00,120.382,385,64.1666666666667,90,2026-07-19T07:23:35.414663+00:00,NTX_Mental,精神的要求,1,Q1. 直前の動画視聴タスクを行うために、どの程度頭を使いましたか？（考える、決める、記憶する、見るなど）,65,0.001,16.916,19.949,1,0,NTX_Physical,身体的要求,2,Q2. 直前の動画視聴タスクは、どの程度身体的に疲れましたか？,85,19.95,5.617,7,1,0,NTX_Temporal,時間的要求,3,Q3. 直前の動画視聴タスク中に、時間に追われている感覚はどの程度ありましたか？,71,26.95,13.115,18.466,2,0,NTX_Performance,パフォーマンス,4,Q4. 直前の動画視聴タスクの出来について、どの程度うまくできたと思いますか？（低い値ほど良い出来、高い値ほど悪い出来を表します）,39,43.399,29.32,39.268,3,1,NTX_Effort,努力,5,Q5. 直前の動画視聴タスクを行うために、どの程度努力しましたか？,65,70.765,5.035,19.081,2,0,NTX_Frustration,フラストレーション,6,Q6. 直前の動画視聴タスク中に、どの程度いらいら・不安・ストレスを感じましたか？,60,103.765,6.701,9.183,1,0,NTX_Overall,全体的負荷,7,Q7. 直前の動画視聴タスク全体として、どのくらいの負荷を感じましたか？,90,112.948,4.551,5.467,1,0
17b4b7f8-4e3b-435f-9e2e-23ae046b5ef0,nasa_task_90,A022,short,2,3,215c1918-36b6-479a-8f6a-a46d34abec6e,2026-07-19T08:05:07.261+00:00,2026-07-19T08:06:51.871+00:00,104.609,173,28.8333333333333,32,2026-07-19T08:06:51.290063+00:00,NTX_Mental,精神的要求,1,Q1. 直前の動画視聴タスクを行うために、どの程度頭を使いましたか？（考える、決める、記憶する、見るなど）,25,0,4.13,14.322,1,0,NTX_Physical,身体的要求,2,Q2. 直前の動画視聴タスクは、どの程度身体的に疲れましたか？,31,14.322,4.407,8.56,1,0,NTX_Temporal,時間的要求,3,Q3. 直前の動画視聴タスク中に、時間に追われている感覚はどの程度ありましたか？,55,22.883,3.87,8.916,1,0,NTX_Performance,パフォーマンス,4,Q4. 直前の動画視聴タスクの出来について、どの程度うまくできたと思いますか？（低い値ほど良い出来、高い値ほど悪い出来を表します）,29,31.799,35.461,45.278,1,0,NTX_Effort,努力,5,Q5. 直前の動画視聴タスクを行うために、どの程度努力しましたか？,6,77.077,8.118,10.035,1,0,NTX_Frustration,フラストレーション,6,Q6. 直前の動画視聴タスク中に、どの程度いらいら・不安・ストレスを感じましたか？,27,87.112,4.258,5.64,1,0,NTX_Overall,全体的負荷,7,Q7. 直前の動画視聴タスク全体として、どのくらいの負荷を感じましたか？,32,92.752,5.06,10.202,1,0
cdc55dbf-de65-4246-b135-5393d3b62176,nasa_task_90,A022,med,3,3,215c1918-36b6-479a-8f6a-a46d34abec6e,2026-07-19T08:37:33.37+00:00,2026-07-19T08:38:38.916+00:00,65.546,52,8.66666666666667,1,2026-07-19T08:38:38.672645+00:00,NTX_Mental,精神的要求,1,Q1. 直前の動画視聴タスクを行うために、どの程度頭を使いましたか？（考える、決める、記憶する、見るなど）,2,0,10.914,13.905,1,0,NTX_Physical,身体的要求,2,Q2. 直前の動画視聴タスクは、どの程度身体的に疲れましたか？,2,13.905,2.509,3.958,1,0,NTX_Temporal,時間的要求,3,Q3. 直前の動画視聴タスク中に、時間に追われている感覚はどの程度ありましたか？,1,17.863,5.628,7.306,1,0,NTX_Performance,パフォーマンス,4,Q4. 直前の動画視聴タスクの出来について、どの程度うまくできたと思いますか？（低い値ほど良い出来、高い値ほど悪い出来を表します）,37,25.169,8.485,12.421,1,0,NTX_Effort,努力,5,Q5. 直前の動画視聴タスクを行うために、どの程度努力しましたか？,9,37.59,7.672,9.599,1,0,NTX_Frustration,フラストレーション,6,Q6. 直前の動画視聴タスク中に、どの程度いらいら・不安・ストレスを感じましたか？,1,47.189,5.675,9.929,1,0,NTX_Overall,全体的負荷,7,Q7. 直前の動画視聴タスク全体として、どのくらいの負荷を感じましたか？,1,57.118,4.347,6.847,1,0
f70f4f34-1540-46c5-a476-473cb09d67ba,nasa_task_90,A022,control,1,3,215c1918-36b6-479a-8f6a-a46d34abec6e,2026-07-19T07:28:13.878+00:00,2026-07-19T07:29:47.195+00:00,93.316,138,23,24,2026-07-19T07:29:47.218507+00:00,NTX_Mental,精神的要求,1,Q1. 直前の動画視聴タスクを行うために、どの程度頭を使いましたか？（考える、決める、記憶する、見るなど）,25,0,6.69,10.489,1,0,NTX_Physical,身体的要求,2,Q2. 直前の動画視聴タスクは、どの程度身体的に疲れましたか？,30,10.489,3.284,14.098,1,0,NTX_Temporal,時間的要求,3,Q3. 直前の動画視聴タスク中に、時間に追われている感覚はどの程度ありましたか？,10,24.587,4.771,8.493,1,0,NTX_Performance,パフォーマンス,4,Q4. 直前の動画視聴タスクの出来について、どの程度うまくできたと思いますか？（低い値ほど良い出来、高い値ほど悪い出来を表します）,25,33.08,10.367,20.291,1,0,NTX_Effort,努力,5,Q5. 直前の動画視聴タスクを行うために、どの程度努力しましたか？,29,53.371,13.441,18.09,1,0,NTX_Frustration,フラストレーション,6,Q6. 直前の動画視聴タスク中に、どの程度いらいら・不安・ストレスを感じましたか？,19,71.462,3.737,11.918,1,0,NTX_Overall,全体的負荷,7,Q7. 直前の動画視聴タスク全体として、どのくらいの負荷を感じましたか？,24,83.379,5.402,7.987,1,0
98af1247-4c0d-4701-83c2-ea29cbeccac4,nasa_task_90,A023,short,2,3,6ecc21f9-7817-4872-a5b7-f322d8d19f05,2026-07-19T07:53:28.166+00:00,2026-07-19T07:54:07.539+00:00,39.372,371,61.8333333333333,96,2026-07-19T07:55:45.734744+00:00,NTX_Mental,精神的要求,1,Q1. 直前の動画視聴タスクを行うために、どの程度頭を使いましたか？（考える、決める、記憶する、見るなど）,76,0,2.318,4.331,1,0,NTX_Physical,身体的要求,2,Q2. 直前の動画視聴タスクは、どの程度身体的に疲れましたか？,95,4.331,1.92,4.068,1,0,NTX_Temporal,時間的要求,3,Q3. 直前の動画視聴タスク中に、時間に追われている感覚はどの程度ありましたか？,4,8.4,2.502,4.238,1,0,NTX_Performance,パフォーマンス,4,Q4. 直前の動画視聴タスクの出来について、どの程度うまくできたと思いますか？（低い値ほど良い出来、高い値ほど悪い出来を表します）,10,12.637,2.354,8.825,1,0,NTX_Effort,努力,5,Q5. 直前の動画視聴タスクを行うために、どの程度努力しましたか？,86,21.462,2.456,6.51,1,0,NTX_Frustration,フラストレーション,6,Q6. 直前の動画視聴タスク中に、どの程度いらいら・不安・ストレスを感じましたか？,100,27.971,2.624,5.124,1,0,NTX_Overall,全体的負荷,7,Q7. 直前の動画視聴タスク全体として、どのくらいの負荷を感じましたか？,96,33.096,2.423,4.606,1,0
9fad30de-d1e0-4160-aec8-369422117400,nasa_task_90,A023,med,3,3,6ecc21f9-7817-4872-a5b7-f322d8d19f05,2026-07-19T08:19:00.093+00:00,2026-07-19T08:19:50.638+00:00,50.545,321,53.5,60,2026-07-19T08:21:29.505183+00:00,NTX_Mental,精神的要求,1,Q1. 直前の動画視聴タスクを行うために、どの程度頭を使いましたか？（考える、決める、記憶する、見るなど）,40,0,3.324,5.692,1,0,NTX_Physical,身体的要求,2,Q2. 直前の動画視聴タスクは、どの程度身体的に疲れましたか？,71,5.692,2.717,8.282,1,0,NTX_Temporal,時間的要求,3,Q3. 直前の動画視聴タスク中に、時間に追われている感覚はどの程度ありましたか？,10,13.974,3.372,6.574,1,0,NTX_Performance,パフォーマンス,4,Q4. 直前の動画視聴タスクの出来について、どの程度うまくできたと思いますか？（低い値ほど良い出来、高い値ほど悪い出来を表します）,85,20.548,2.631,7.022,1,0,NTX_Effort,努力,5,Q5. 直前の動画視聴タスクを行うために、どの程度努力しましたか？,29,27.57,2.921,10.378,1,0,NTX_Frustration,フラストレーション,6,Q6. 直前の動画視聴タスク中に、どの程度いらいら・不安・ストレスを感じましたか？,86,37.948,2.409,5.578,1,0,NTX_Overall,全体的負荷,7,Q7. 直前の動画視聴タスク全体として、どのくらいの負荷を感じましたか？,60,43.526,2.148,5.905,1,0
a59302c6-0a0b-4742-9659-42a7907462f3,nasa_task_90,A023,control,1,3,6ecc21f9-7817-4872-a5b7-f322d8d19f05,2026-07-19T07:22:08.187+00:00,2026-07-19T07:23:10.67+00:00,62.483,131,21.8333333333333,5,2026-07-19T07:24:48.838122+00:00,NTX_Mental,精神的要求,1,Q1. 直前の動画視聴タスクを行うために、どの程度頭を使いましたか？（考える、決める、記憶する、見るなど）,25,0,9.167,11.378,1,0,NTX_Physical,身体的要求,2,Q2. 直前の動画視聴タスクは、どの程度身体的に疲れましたか？,20,11.378,3.037,9.053,1,0,NTX_Temporal,時間的要求,3,Q3. 直前の動画視聴タスク中に、時間に追われている感覚はどの程度ありましたか？,1,20.432,5.486,9.242,1,0,NTX_Performance,パフォーマンス,4,Q4. 直前の動画視聴タスクの出来について、どの程度うまくできたと思いますか？（低い値ほど良い出来、高い値ほど悪い出来を表します）,50,29.674,5.316,10.184,1,0,NTX_Effort,努力,5,Q5. 直前の動画視聴タスクを行うために、どの程度努力しましたか？,30,39.858,3.324,5.924,1,0,NTX_Frustration,フラストレーション,6,Q6. 直前の動画視聴タスク中に、どの程度いらいら・不安・ストレスを感じましたか？,5,45.782,3.301,9.825,1,0,NTX_Overall,全体的負荷,7,Q7. 直前の動画視聴タスク全体として、どのくらいの負荷を感じましたか？,5,55.608,2.917,4.547,1,0
7badc1c8-e7fc-46d9-9117-b33b38546cef,nasa_task_90,A024,short,2,3,e2c8d349-d113-4ad5-8096-31ec0d8eae34,2026-07-19T07:49:21.413+00:00,2026-07-19T07:50:12.996+00:00,51.584,164,27.3333333333333,9,2026-07-19T07:50:13.572472+00:00,NTX_Mental,精神的要求,1,Q1. 直前の動画視聴タスクを行うために、どの程度頭を使いましたか？（考える、決める、記憶する、見るなど）,25,0,3.217,7.616,1,0,NTX_Physical,身体的要求,2,Q2. 直前の動画視聴タスクは、どの程度身体的に疲れましたか？,58,7.616,3.434,6.652,1,0,NTX_Temporal,時間的要求,3,Q3. 直前の動画視聴タスク中に、時間に追われている感覚はどの程度ありましたか？,38,14.268,3.116,5.248,1,0,NTX_Performance,パフォーマンス,4,Q4. 直前の動画視聴タスクの出来について、どの程度うまくできたと思いますか？（低い値ほど良い出来、高い値ほど悪い出来を表します）,5,19.516,3.1,15.566,1,0,NTX_Effort,努力,5,Q5. 直前の動画視聴タスクを行うために、どの程度努力しましたか？,16,35.083,2.034,5.184,1,0,NTX_Frustration,フラストレーション,6,Q6. 直前の動画視聴タスク中に、どの程度いらいら・不安・ストレスを感じましたか？,22,40.266,1.484,3.75,1,0,NTX_Overall,全体的負荷,7,Q7. 直前の動画視聴タスク全体として、どのくらいの負荷を感じましたか？,9,44.016,2.651,5.55,1,0
de555f15-d8b7-47b8-8634-0e985ea04384,nasa_task_90,A024,med,3,3,e2c8d349-d113-4ad5-8096-31ec0d8eae34,2026-07-19T08:16:00.052+00:00,2026-07-19T08:16:36.598+00:00,36.546,60,10,5,2026-07-19T08:16:37.224671+00:00,NTX_Mental,精神的要求,1,Q1. 直前の動画視聴タスクを行うために、どの程度頭を使いましたか？（考える、決める、記憶する、見るなど）,5,0,2.896,3.812,1,0,NTX_Physical,身体的要求,2,Q2. 直前の動画視聴タスクは、どの程度身体的に疲れましたか？,12,3.813,2.15,4.317,1,0,NTX_Temporal,時間的要求,3,Q3. 直前の動画視聴タスク中に、時間に追われている感覚はどの程度ありましたか？,27,8.13,3.05,8.699,1,0,NTX_Performance,パフォーマンス,4,Q4. 直前の動画視聴タスクの出来について、どの程度うまくできたと思いますか？（低い値ほど良い出来、高い値ほど悪い出来を表します）,8,16.828,4.284,7.184,1,0,NTX_Effort,努力,5,Q5. 直前の動画視聴タスクを行うために、どの程度努力しましたか？,4,24.013,2.399,3.615,1,0,NTX_Frustration,フラストレーション,6,Q6. 直前の動画視聴タスク中に、どの程度いらいら・不安・ストレスを感じましたか？,4,27.628,1.818,2.6,1,0,NTX_Overall,全体的負荷,7,Q7. 直前の動画視聴タスク全体として、どのくらいの負荷を感じましたか？,5,30.228,1.653,5.233,1,0
8c20337a-5c08-4780-a33f-c5cb167de5b7,nasa_task_90,A024,control,1,3,e2c8d349-d113-4ad5-8096-31ec0d8eae34,2026-07-19T07:22:47.249+00:00,2026-07-19T07:24:06.414+00:00,79.167,356,59.3333333333333,74,2026-07-19T07:24:06.712393+00:00,NTX_Mental,精神的要求,1,Q1. 直前の動画視聴タスクを行うために、どの程度頭を使いましたか？（考える、決める、記憶する、見るなど）,79,0,4.067,10.416,1,0,NTX_Physical,身体的要求,2,Q2. 直前の動画視聴タスクは、どの程度身体的に疲れましたか？,71,10.416,1.817,6.966,1,0,NTX_Temporal,時間的要求,3,Q3. 直前の動画視聴タスク中に、時間に追われている感覚はどの程度ありましたか？,66,17.382,2.967,7.084,1,0,NTX_Performance,パフォーマンス,4,Q4. 直前の動画視聴タスクの出来について、どの程度うまくできたと思いますか？（低い値ほど良い出来、高い値ほど悪い出来を表します）,0,24.466,6.117,7.55,1,0,NTX_Effort,努力,5,Q5. 直前の動画視聴タスクを行うために、どの程度努力しましたか？,60,32.016,5.834,6.867,1,0,NTX_Frustration,フラストレーション,6,Q6. 直前の動画視聴タスク中に、どの程度いらいら・不安・ストレスを感じましたか？,80,38.883,1.951,8.75,1,0,NTX_Overall,全体的負荷,7,Q7. 直前の動画視聴タスク全体として、どのくらいの負荷を感じましたか？,74,47.632,27.166,28.983,1,0
c76648fb-c354-46cc-a337-3691c3c7392c,nasa_task_90,A025,short,2,3,69b19278-eb83-4b25-8fc5-bc16f6083d8e,2026-07-19T07:50:08.119+00:00,2026-07-19T07:50:45.518+00:00,37.399,443,73.8333333333333,85,2026-07-19T07:50:45.919198+00:00,NTX_Mental,精神的要求,1,Q1. 直前の動画視聴タスクを行うために、どの程度頭を使いましたか？（考える、決める、記憶する、見るなど）,57,0.001,3.683,10.082,1,0,NTX_Physical,身体的要求,2,Q2. 直前の動画視聴タスクは、どの程度身体的に疲れましたか？,78,10.083,3.934,5.683,1,0,NTX_Temporal,時間的要求,3,Q3. 直前の動画視聴タスク中に、時間に追われている感覚はどの程度ありましたか？,93,15.766,3.271,7.917,1,0,NTX_Performance,パフォーマンス,4,Q4. 直前の動画視聴タスクの出来について、どの程度うまくできたと思いますか？（低い値ほど良い出来、高い値ほど悪い出来を表します）,38,23.683,3.184,4.199,1,0,NTX_Effort,努力,5,Q5. 直前の動画視聴タスクを行うために、どの程度努力しましたか？,92,27.882,1.535,3.818,1,0,NTX_Frustration,フラストレーション,6,Q6. 直前の動画視聴タスク中に、どの程度いらいら・不安・ストレスを感じましたか？,85,31.7,1.918,2.532,1,0,NTX_Overall,全体的負荷,7,Q7. 直前の動画視聴タスク全体として、どのくらいの負荷を感じましたか？,85,34.232,1.334,2.217,1,0
489dda74-8a2c-471d-ace9-0904b257cba1,nasa_task_90,A025,med,3,3,69b19278-eb83-4b25-8fc5-bc16f6083d8e,2026-07-19T08:14:11.354+00:00,2026-07-19T08:14:46.637+00:00,35.282,285,47.5,43,2026-07-19T08:14:47.38321+00:00,NTX_Mental,精神的要求,1,Q1. 直前の動画視聴タスクを行うために、どの程度頭を使いましたか？（考える、決める、記憶する、見るなど）,48,0,4.173,5.782,2,1,NTX_Physical,身体的要求,2,Q2. 直前の動画視聴タスクは、どの程度身体的に疲れましたか？,30,4.299,2.818,4.634,2,1,NTX_Temporal,時間的要求,3,Q3. 直前の動画視聴タスク中に、時間に追われている感覚はどの程度ありましたか？,50,10.416,3.102,4.148,1,0,NTX_Performance,パフォーマンス,4,Q4. 直前の動画視聴タスクの出来について、どの程度うまくできたと思いますか？（低い値ほど良い出来、高い値ほど悪い出来を表します）,66,14.564,2.119,2.785,1,0,NTX_Effort,努力,5,Q5. 直前の動画視聴タスクを行うために、どの程度努力しましたか？,41,17.349,3.684,4.699,1,0,NTX_Frustration,フラストレーション,6,Q6. 直前の動画視聴タスク中に、どの程度いらいら・不安・ストレスを感じましたか？,50,22.048,5.268,6.516,1,0,NTX_Overall,全体的負荷,7,Q7. 直前の動画視聴タスク全体として、どのくらいの負荷を感じましたか？,43,28.564,4.404,5.9,1,0
02045a92-b897-4664-868b-2eeecbd8502a,nasa_task_90,A025,control,1,3,69b19278-eb83-4b25-8fc5-bc16f6083d8e,2026-07-19T07:24:21.686+00:00,2026-07-19T07:25:27.337+00:00,65.648,215,35.8333333333333,5,2026-07-19T07:25:28.087726+00:00,NTX_Mental,精神的要求,1,Q1. 直前の動画視聴タスクを行うために、どの程度頭を使いましたか？（考える、決める、記憶する、見るなど）,9,0,3.166,9.896,2,0,NTX_Physical,身体的要求,2,Q2. 直前の動画視聴タスクは、どの程度身体的に疲れましたか？,35,5.497,3.151,6.551,2,1,NTX_Temporal,時間的要求,3,Q3. 直前の動画視聴タスク中に、時間に追われている感覚はどの程度ありましたか？,78,16.447,6.15,6.986,1,0,NTX_Performance,パフォーマンス,4,Q4. 直前の動画視聴タスクの出来について、どの程度うまくできたと思いますか？（低い値ほど良い出来、高い値ほど悪い出来を表します）,36,23.433,12.016,13.299,1,0,NTX_Effort,努力,5,Q5. 直前の動画視聴タスクを行うために、どの程度努力しましたか？,9,36.732,9.349,10.631,1,0,NTX_Frustration,フラストレーション,6,Q6. 直前の動画視聴タスク中に、どの程度いらいら・不安・ストレスを感じましたか？,48,47.363,3.584,11.317,1,0,NTX_Overall,全体的負荷,7,Q7. 直前の動画視聴タスク全体として、どのくらいの負荷を感じましたか？,5,58.68,4.367,5.618,1,0
3a03453c-5dec-49bd-940a-32b4f658cea2,nasa_task_90,A026,control,1,3,046d4f5c-5473-49d8-b0f3-89ffb63c6a1f,2026-07-19T09:31:37.824+00:00,2026-07-19T09:32:14.626+00:00,36.802,266,44.3333333333333,71,2026-07-19T09:32:15.602707+00:00,NTX_Mental,精神的要求,1,Q1. 直前の動画視聴タスクを行うために、どの程度頭を使いましたか？（考える、決める、記憶する、見るなど）,66,0,3.473,9.884,1,0,NTX_Physical,身体的要求,2,Q2. 直前の動画視聴タスクは、どの程度身体的に疲れましたか？,60,9.885,1.758,7.463,1,0,NTX_Temporal,時間的要求,3,Q3. 直前の動画視聴タスク中に、時間に追われている感覚はどの程度ありましたか？,25,17.348,1.684,2.826,1,0,NTX_Performance,パフォーマンス,4,Q4. 直前の動画視聴タスクの出来について、どの程度うまくできたと思いますか？（低い値ほど良い出来、高い値ほど悪い出来を表します）,2,20.174,4.616,5.888,1,0,NTX_Effort,努力,5,Q5. 直前の動画視聴タスクを行うために、どの程度努力しましたか？,54,26.062,2.055,3.974,1,0,NTX_Frustration,フラストレーション,6,Q6. 直前の動画視聴タスク中に、どの程度いらいら・不安・ストレスを感じましたか？,59,30.036,1.541,2.459,1,0,NTX_Overall,全体的負荷,7,Q7. 直前の動画視聴タスク全体として、どのくらいの負荷を感じましたか？,71,32.495,0.864,3.142,1,0
951af063-2d96-4460-9504-082300bf4e5d,nasa_task_90,A027,short,3,3,aa50b1c5-177a-4f67-a3bb-b544fe2f67d3,2026-07-19T10:21:36.839+00:00,2026-07-19T10:22:24.679+00:00,47.841,167,27.8333333333333,24,2026-07-19T10:21:27.054634+00:00,NTX_Mental,精神的要求,1,Q1. 直前の動画視聴タスクを行うために、どの程度頭を使いましたか？（考える、決める、記憶する、見るなど）,34,0,4.942,7.034,1,0,NTX_Physical,身体的要求,2,Q2. 直前の動画視聴タスクは、どの程度身体的に疲れましたか？,21,7.034,3.686,4.815,1,0,NTX_Temporal,時間的要求,3,Q3. 直前の動画視聴タスク中に、時間に追われている感覚はどの程度ありましたか？,34,11.849,6.237,9.813,1,0,NTX_Performance,パフォーマンス,4,Q4. 直前の動画視聴タスクの出来について、どの程度うまくできたと思いますか？（低い値ほど良い出来、高い値ほど悪い出来を表します）,13,21.662,6.149,7.54,1,0,NTX_Effort,努力,5,Q5. 直前の動画視聴タスクを行うために、どの程度努力しましたか？,12,29.202,2.273,3.73,1,0,NTX_Frustration,フラストレーション,6,Q6. 直前の動画視聴タスク中に、どの程度いらいら・不安・ストレスを感じましたか？,53,32.931,4.454,8.36,1,0,NTX_Overall,全体的負荷,7,Q7. 直前の動画視聴タスク全体として、どのくらいの負荷を感じましたか？,24,41.291,3.74,4.942,1,0
e9d73789-accb-4b36-8dae-249e79dad83a,nasa_task_90,A027,med,2,3,aa50b1c5-177a-4f67-a3bb-b544fe2f67d3,2026-07-19T09:53:00.847+00:00,2026-07-19T09:53:58.397+00:00,57.55,218,36.3333333333333,39,2026-07-19T09:53:00.712126+00:00,NTX_Mental,精神的要求,1,Q1. 直前の動画視聴タスクを行うために、どの程度頭を使いましたか？（考える、決める、記憶する、見るなど）,16,0,18.084,20.015,1,0,NTX_Physical,身体的要求,2,Q2. 直前の動画視聴タスクは、どの程度身体的に疲れましたか？,61,20.015,2.207,4.89,1,0,NTX_Temporal,時間的要求,3,Q3. 直前の動画視聴タスク中に、時間に追われている感覚はどの程度ありましたか？,11,24.905,3.145,4.414,1,0,NTX_Performance,パフォーマンス,4,Q4. 直前の動画視聴タスクの出来について、どの程度うまくできたと思いますか？（低い値ほど良い出来、高い値ほど悪い出来を表します）,39,29.319,4.559,6.795,1,0,NTX_Effort,努力,5,Q5. 直前の動画視聴タスクを行うために、どの程度努力しましたか？,66,36.113,4.46,5.818,1,0,NTX_Frustration,フラストレーション,6,Q6. 直前の動画視聴タスク中に、どの程度いらいら・不安・ストレスを感じましたか？,25,41.931,2.939,4.522,1,0,NTX_Overall,全体的負荷,7,Q7. 直前の動画視聴タスク全体として、どのくらいの負荷を感じましたか？,39,46.454,7.501,9.715,1,0
d767e726-075b-476b-86a8-b6be690e8dda,nasa_task_90,A027,control,1,3,aa50b1c5-177a-4f67-a3bb-b544fe2f67d3,2026-07-19T09:24:51.315+00:00,2026-07-19T09:25:54.13+00:00,62.815,229,38.1666666666667,44,2026-07-19T09:24:56.435382+00:00,NTX_Mental,精神的要求,1,Q1. 直前の動画視聴タスクを行うために、どの程度頭を使いましたか？（考える、決める、記憶する、見るなど）,69,0.001,6.486,9.909,1,0,NTX_Physical,身体的要求,2,Q2. 直前の動画視聴タスクは、どの程度身体的に疲れましたか？,39,9.909,3.462,5.992,1,0,NTX_Temporal,時間的要求,3,Q3. 直前の動画視聴タスク中に、時間に追われている感覚はどの程度ありましたか？,35,15.901,6.261,8.841,1,0,NTX_Performance,パフォーマンス,4,Q4. 直前の動画視聴タスクの出来について、どの程度うまくできたと思いますか？（低い値ほど良い出来、高い値ほど悪い出来を表します）,21,24.742,13.861,18.891,1,0,NTX_Effort,努力,5,Q5. 直前の動画視聴タスクを行うために、どの程度努力しましたか？,45,43.633,4.512,8.352,1,0,NTX_Frustration,フラストレーション,6,Q6. 直前の動画視聴タスク中に、どの程度いらいら・不安・ストレスを感じましたか？,20,51.985,3.81,5.318,1,0,NTX_Overall,全体的負荷,7,Q7. 直前の動画視聴タスク全体として、どのくらいの負荷を感じましたか？,44,57.303,2.356,3.663,1,0
8d53a903-1e03-42f9-8d4a-85256ca52691,nasa_task_90,A028,short,3,3,fc40a0c4-99e8-4b6d-831f-0f3984dcca28,2026-07-19T10:23:52.012+00:00,2026-07-19T10:24:25.889+00:00,33.877,167,27.8333333333333,95,2026-07-19T10:24:12.442605+00:00,NTX_Mental,精神的要求,1,Q1. 直前の動画視聴タスクを行うために、どの程度頭を使いましたか？（考える、決める、記憶する、見るなど）,5,0,3.949,5.545,1,0,NTX_Physical,身体的要求,2,Q2. 直前の動画視聴タスクは、どの程度身体的に疲れましたか？,25,5.545,3.945,5.306,1,0,NTX_Temporal,時間的要求,3,Q3. 直前の動画視聴タスク中に、時間に追われている感覚はどの程度ありましたか？,35,10.851,2.57,3.993,1,0,NTX_Performance,パフォーマンス,4,Q4. 直前の動画視聴タスクの出来について、どの程度うまくできたと思いますか？（低い値ほど良い出来、高い値ほど悪い出来を表します）,5,14.843,3.355,4.983,1,0,NTX_Effort,努力,5,Q5. 直前の動画視聴タスクを行うために、どの程度努力しましたか？,6,19.826,2.256,3.641,1,0,NTX_Frustration,フラストレーション,6,Q6. 直前の動画視聴タスク中に、どの程度いらいら・不安・ストレスを感じましたか？,91,23.467,3.713,4.848,1,0,NTX_Overall,全体的負荷,7,Q7. 直前の動画視聴タスク全体として、どのくらいの負荷を感じましたか？,95,28.315,3.035,4.127,1,0
61ff5ad9-d1da-41fb-8cee-60526090939a,nasa_task_90,A028,med,2,3,fc40a0c4-99e8-4b6d-831f-0f3984dcca28,2026-07-19T09:54:51.269+00:00,2026-07-19T09:55:33.933+00:00,42.664,95,15.8333333333333,11,2026-07-19T09:55:21.20612+00:00,NTX_Mental,精神的要求,1,Q1. 直前の動画視聴タスクを行うために、どの程度頭を使いましたか？（考える、決める、記憶する、見るなど）,10,0,10.449,13.774,1,0,NTX_Physical,身体的要求,2,Q2. 直前の動画視聴タスクは、どの程度身体的に疲れましたか？,15,13.774,4.728,6.245,1,0,NTX_Temporal,時間的要求,3,Q3. 直前の動画視聴タスク中に、時間に追われている感覚はどの程度ありましたか？,10,20.019,4.899,6.42,1,0,NTX_Performance,パフォーマンス,4,Q4. 直前の動画視聴タスクの出来について、どの程度うまくできたと思いますか？（低い値ほど良い出来、高い値ほど悪い出来を表します）,50,26.438,2.873,4.124,1,0,NTX_Effort,努力,5,Q5. 直前の動画視聴タスクを行うために、どの程度努力しましたか？,5,30.563,2.055,3.637,1,0,NTX_Frustration,フラストレーション,6,Q6. 直前の動画視聴タスク中に、どの程度いらいら・不安・ストレスを感じましたか？,5,34.2,2.208,3.788,1,0,NTX_Overall,全体的負荷,7,Q7. 直前の動画視聴タスク全体として、どのくらいの負荷を感じましたか？,11,37.988,1.801,3.239,1,0
1668eeb4-e42c-4986-ac94-bf5b12ccc139,nasa_task_90,A028,control,1,3,fc40a0c4-99e8-4b6d-831f-0f3984dcca28,2026-07-19T09:24:12.679+00:00,2026-07-19T09:25:03.404+00:00,50.725,289,48.1666666666667,9,2026-07-19T09:24:50.642995+00:00,NTX_Mental,精神的要求,1,Q1. 直前の動画視聴タスクを行うために、どの程度頭を使いましたか？（考える、決める、記憶する、見るなど）,75,0,3.896,8.588,1,0,NTX_Physical,身体的要求,2,Q2. 直前の動画視聴タスクは、どの程度身体的に疲れましたか？,9,8.588,3.992,5.088,1,0,NTX_Temporal,時間的要求,3,Q3. 直前の動画視聴タスク中に、時間に追われている感覚はどの程度ありましたか？,10,13.677,2.927,4.349,1,0,NTX_Performance,パフォーマンス,4,Q4. 直前の動画視聴タスクの出来について、どの程度うまくできたと思いますか？（低い値ほど良い出来、高い値ほど悪い出来を表します）,95,18.026,4.662,12.659,1,0,NTX_Effort,努力,5,Q5. 直前の動画視聴タスクを行うために、どの程度努力しましたか？,50,30.685,2.157,5.13,1,0,NTX_Frustration,フラストレーション,6,Q6. 直前の動画視聴タスク中に、どの程度いらいら・不安・ストレスを感じましたか？,50,35.815,3.081,7.043,1,0,NTX_Overall,全体的負荷,7,Q7. 直前の動画視聴タスク全体として、どのくらいの負荷を感じましたか？,9,42.858,2.965,5.796,1,0
b2648fdf-4cb0-4d71-88c5-2c9e73fc7b15,nasa_task_90,A029,short,3,3,8046532f-9343-4515-a240-9d71afecc0ec,2026-07-19T10:22:36.331+00:00,2026-07-19T10:23:38.73+00:00,62.399,161,26.8333333333333,42,2026-07-19T10:23:36.355687+00:00,NTX_Mental,精神的要求,1,Q1. 直前の動画視聴タスクを行うために、どの程度頭を使いましたか？（考える、決める、記憶する、見るなど）,5,0,3.676,19.905,1,0,NTX_Physical,身体的要求,2,Q2. 直前の動画視聴タスクは、どの程度身体的に疲れましたか？,15,19.905,1.492,4.043,1,0,NTX_Temporal,時間的要求,3,Q3. 直前の動画視聴タスク中に、時間に追われている感覚はどの程度ありましたか？,28,23.948,1.957,4.838,1,0,NTX_Performance,パフォーマンス,4,Q4. 直前の動画視聴タスクの出来について、どの程度うまくできたと思いますか？（低い値ほど良い出来、高い値ほど悪い出来を表します）,47,28.786,1.972,5.489,1,0,NTX_Effort,努力,5,Q5. 直前の動画視聴タスクを行うために、どの程度努力しましたか？,10,34.275,2.813,6.323,1,0,NTX_Frustration,フラストレーション,6,Q6. 直前の動画視聴タスク中に、どの程度いらいら・不安・ストレスを感じましたか？,56,40.597,7.614,13.676,1,0,NTX_Overall,全体的負荷,7,Q7. 直前の動画視聴タスク全体として、どのくらいの負荷を感じましたか？,42,54.273,2.6,7.257,1,0
763c6897-174c-47c6-a4dc-9e2342eec256,nasa_task_90,A029,med,1,3,8046532f-9343-4515-a240-9d71afecc0ec,2026-07-19T09:50:04.822+00:00,2026-07-19T09:51:43.25+00:00,98.429,69,11.5,4,2026-07-19T09:51:41.170703+00:00,NTX_Mental,精神的要求,1,Q1. 直前の動画視聴タスクを行うために、どの程度頭を使いましたか？（考える、決める、記憶する、見るなど）,2,0,2.709,6.022,2,1,NTX_Physical,身体的要求,2,Q2. 直前の動画視聴タスクは、どの程度身体的に疲れましたか？,3,12.884,1.851,3.105,1,0,NTX_Temporal,時間的要求,3,Q3. 直前の動画視聴タスク中に、時間に追われている感覚はどの程度ありましたか？,7,15.989,5.85,7.081,1,0,NTX_Performance,パフォーマンス,4,Q4. 直前の動画視聴タスクの出来について、どの程度うまくできたと思いますか？（低い値ほど良い出来、高い値ほど悪い出来を表します）,42,23.07,2.053,5.549,1,0,NTX_Effort,努力,5,Q5. 直前の動画視聴タスクを行うために、どの程度努力しましたか？,11,28.619,1.391,4.971,1,0,NTX_Frustration,フラストレーション,6,Q6. 直前の動画視聴タスク中に、どの程度いらいら・不安・ストレスを感じましたか？,4,33.59,48.443,55.052,2,0,NTX_Overall,全体的負荷,7,Q7. 直前の動画視聴タスク全体として、どのくらいの負荷を感じましたか？,4,87.545,1.236,8.257,2,1
2ae3dbf1-347f-4977-b195-4ac48d8bfccb,nasa_task_90,A029,control,1,3,8ac1035a-44d6-4601-8fea-b254fee407fc,2026-07-19T09:24:29.607+00:00,2026-07-19T09:25:23.932+00:00,54.325,157,26.1666666666667,10,2026-07-19T09:25:21.393468+00:00,NTX_Mental,精神的要求,1,Q1. 直前の動画視聴タスクを行うために、どの程度頭を使いましたか？（考える、決める、記憶する、見るなど）,24,0,9.053,15.204,1,0,NTX_Physical,身体的要求,2,Q2. 直前の動画視聴タスクは、どの程度身体的に疲れましたか？,11,15.204,3.247,4.596,1,0,NTX_Temporal,時間的要求,3,Q3. 直前の動画視聴タスク中に、時間に追われている感覚はどの程度ありましたか？,5,19.801,3.967,5.364,1,0,NTX_Performance,パフォーマンス,4,Q4. 直前の動画視聴タスクの出来について、どの程度うまくできたと思いますか？（低い値ほど良い出来、高い値ほど悪い出来を表します）,85,25.164,4.003,8.503,1,0,NTX_Effort,努力,5,Q5. 直前の動画視聴タスクを行うために、どの程度努力しましたか？,12,33.668,1.638,6.742,1,0,NTX_Frustration,フラストレーション,6,Q6. 直前の動画視聴タスク中に、どの程度いらいら・不安・ストレスを感じましたか？,20,40.41,2.311,4.052,1,0,NTX_Overall,全体的負荷,7,Q7. 直前の動画視聴タスク全体として、どのくらいの負荷を感じましたか？,10,44.462,3.569,5.152,1,0
7bfba981-1498-4660-ae32-31f46da87a6c,nasa_task_90,cancel,control,2,3,8046532f-9343-4515-a240-9d71afecc0ec,2026-07-19T09:51:53.996+00:00,2026-07-19T09:52:18.838+00:00,24.842,164,27.3333333333333,7,2026-07-19T09:52:16.148524+00:00,NTX_Mental,精神的要求,1,Q1. 直前の動画視聴タスクを行うために、どの程度頭を使いましたか？（考える、決める、記憶する、見るなど）,15,0,1.873,7.786,1,0,NTX_Physical,身体的要求,2,Q2. 直前の動画視聴タスクは、どの程度身体的に疲れましたか？,12,7.786,1.988,2.737,1,0,NTX_Temporal,時間的要求,3,Q3. 直前の動画視聴タスク中に、時間に追われている感覚はどの程度ありましたか？,14,10.523,1.514,2.309,1,0,NTX_Performance,パフォーマンス,4,Q4. 直前の動画視聴タスクの出来について、どの程度うまくできたと思いますか？（低い値ほど良い出来、高い値ほど悪い出来を表します）,79,12.832,2.147,2.91,1,0,NTX_Effort,努力,5,Q5. 直前の動画視聴タスクを行うために、どの程度努力しましたか？,25,15.742,3.457,4.32,1,0,NTX_Frustration,フラストレーション,6,Q6. 直前の動画視聴タスク中に、どの程度いらいら・不安・ストレスを感じましたか？,19,20.063,1.082,1.764,1,0,NTX_Overall,全体的負荷,7,Q7. 直前の動画視聴タスク全体として、どのくらいの負荷を感じましたか？,7,21.826,0.884,1.986,1,0
075e3fe3-7f47-4fd1-9361-24e7bf6d0b18,nasa_task_90,t,short,1,3,ba772ca8-6653-4c5d-9c86-cb9ef9592b6b,2026-07-20T17:53:49.98+00:00,2026-07-20T17:54:26.804+00:00,36.823,45,7.5,9,2026-07-20T17:54:27.722884+00:00,NTX_Mental,精神的要求,1,Q1. 直前の動画視聴タスクを行うために、どの程度頭を使いましたか？（考える、決める、記憶する、見るなど）,7,0.001,1.245,2.013,1,0,NTX_Physical,身体的要求,2,Q2. 直前の動画視聴タスクは、どの程度身体的に疲れましたか？,8,2.014,0.763,1.746,1,0,NTX_Temporal,時間的要求,3,Q3. 直前の動画視聴タスク中に、時間に追われている感覚はどの程度ありましたか？,11,3.76,0.668,1.566,1,0,NTX_Performance,パフォーマンス,4,Q4. 直前の動画視聴タスクの出来について、どの程度うまくできたと思いますか？（低い値ほど良い出来、高い値ほど悪い出来を表します）,8,5.327,0.8,1.683,1,0,NTX_Effort,努力,5,Q5. 直前の動画視聴タスクを行うために、どの程度努力しましたか？,5,7.01,1.035,1.901,1,0,NTX_Frustration,フラストレーション,6,Q6. 直前の動画視聴タスク中に、どの程度いらいら・不安・ストレスを感じましたか？,6,8.911,1.017,2.2,1,0,NTX_Overall,全体的負荷,7,Q7. 直前の動画視聴タスク全体として、どのくらいの負荷を感じましたか？,9,11.111,0.933,1.798,1,0
b03fc133-5c69-433f-a843-298b78ef7b96,nasa_task_90,test,short,1,3,56f32d59-a34f-4dc3-b099-6eb7c495bd35,2026-07-20T17:38:51.16+00:00,2026-07-20T17:39:12.145+00:00,20.984,59,9.83333333333333,18,2026-07-20T17:39:13.059172+00:00,NTX_Mental,精神的要求,1,Q1. 直前の動画視聴タスクを行うために、どの程度頭を使いましたか？（考える、決める、記憶する、見るなど）,16,0.001,1.346,2.762,1,0,NTX_Physical,身体的要求,2,Q2. 直前の動画視聴タスクは、どの程度身体的に疲れましたか？,8,2.763,1.185,2.367,1,0,NTX_Temporal,時間的要求,3,Q3. 直前の動画視聴タスク中に、時間に追われている感覚はどの程度ありましたか？,6,5.129,0.716,1.95,1,0,NTX_Performance,パフォーマンス,4,Q4. 直前の動画視聴タスクの出来について、どの程度うまくできたと思いますか？（低い値ほど良い出来、高い値ほど悪い出来を表します）,8,7.08,1.784,4.766,2,0,NTX_Effort,努力,5,Q5. 直前の動画視聴タスクを行うために、どの程度努力しましたか？,7,10.146,1.067,3.55,2,0,NTX_Frustration,フラストレーション,6,Q6. 直前の動画視聴タスク中に、どの程度いらいら・不安・ストレスを感じましたか？,14,15.396,0.716,1.933,1,0,NTX_Overall,全体的負荷,7,Q7. 直前の動画視聴タスク全体として、どのくらいの負荷を感じましたか？,18,17.33,0.75,1.851,1,0
a393b4a3-13a5-4a90-b16a-b9d83281c1c4,nasa_task_90,test,med,2,3,56f32d59-a34f-4dc3-b099-6eb7c495bd35,2026-07-20T17:39:56.375+00:00,2026-07-20T17:40:17.075+00:00,20.701,65,10.8333333333333,13,2026-07-20T17:40:17.509981+00:00,NTX_Mental,精神的要求,1,Q1. 直前の動画視聴タスクを行うために、どの程度頭を使いましたか？（考える、決める、記憶する、見るなど）,13,0,1.088,2.567,1,0,NTX_Physical,身体的要求,2,Q2. 直前の動画視聴タスクは、どの程度身体的に疲れましたか？,9,2.567,0.8,1.933,1,0,NTX_Temporal,時間的要求,3,Q3. 直前の動画視聴タスク中に、時間に追われている感覚はどの程度ありましたか？,11,4.5,0.783,1.7,1,0,NTX_Performance,パフォーマンス,4,Q4. 直前の動画視聴タスクの出来について、どの程度うまくできたと思いますか？（低い値ほど良い出来、高い値ほど悪い出来を表します）,11,6.2,2.1,3.65,1,0,NTX_Effort,努力,5,Q5. 直前の動画視聴タスクを行うために、どの程度努力しましたか？,10,9.85,1.001,2.318,1,0,NTX_Frustration,フラストレーション,6,Q6. 直前の動画視聴タスク中に、どの程度いらいら・不安・ストレスを感じましたか？,11,12.168,0.866,2.082,1,0,NTX_Overall,全体的負荷,7,Q7. 直前の動画視聴タスク全体として、どのくらいの負荷を感じましたか？,13,14.25,0.667,2.584,1,0
c03c7556-a8ec-4077-bfd4-89ddcd019974,nasa_task_90,test001,short,1,3,1747b09d-fca1-4790-98ff-58936240e8b0,2026-07-12T19:29:10.386+00:00,2026-07-12T19:29:48.14+00:00,37.754,314,52.3333333333333,87,2026-07-12T19:29:48.576308+00:00,NTX_Mental,精神的要求,1,Q1. 直前の動画視聴タスクを行うために、どの程度頭を使いましたか？（考える、決める、記憶する、見るなど）,87,0,2.183,11.717,1,0,NTX_Physical,身体的要求,2,Q2. 直前の動画視聴タスクは、どの程度身体的に疲れましたか？,19,11.717,1.083,7.1,1,0,NTX_Temporal,時間的要求,3,Q3. 直前の動画視聴タスク中に、時間に追われている感覚はどの程度ありましたか？,87,18.817,0.868,3.7,1,0,NTX_Performance,パフォーマンス,4,Q4. 直前の動画視聴タスクの出来について、どの程度うまくできたと思いますか？（低い値ほど良い出来、高い値ほど悪い出来を表します）,17,22.517,0.899,5.8,1,0,NTX_Effort,努力,5,Q5. 直前の動画視聴タスクを行うために、どの程度努力しましたか？,83,28.317,1.083,2.717,1,0,NTX_Frustration,フラストレーション,6,Q6. 直前の動画視聴タスク中に、どの程度いらいら・不安・ストレスを感じましたか？,21,31.035,0.95,2.949,1,0,NTX_Overall,全体的負荷,7,Q7. 直前の動画視聴タスク全体として、どのくらいの負荷を感じましたか？,87,33.984,1.05,2.716,1,0
e9badb2f-27b7-41fe-8d70-80a9343efc51,nasa_task_90,test001,med,2,3,1747b09d-fca1-4790-98ff-58936240e8b0,2026-07-12T19:29:54.121+00:00,2026-07-12T19:30:12.823+00:00,18.702,254,42.3333333333333,67,2026-07-12T19:30:13.030443+00:00,NTX_Mental,精神的要求,1,Q1. 直前の動画視聴タスクを行うために、どの程度頭を使いましたか？（考える、決める、記憶する、見るなど）,17,0,1.217,2.683,1,0,NTX_Physical,身体的要求,2,Q2. 直前の動画視聴タスクは、どの程度身体的に疲れましたか？,22,2.683,0.751,2.318,1,0,NTX_Temporal,時間的要求,3,Q3. 直前の動画視聴タスク中に、時間に追われている感覚はどの程度ありましたか？,29,5,0.817,1.917,1,0,NTX_Performance,パフォーマンス,4,Q4. 直前の動画視聴タスクの出来について、どの程度うまくできたと思いますか？（低い値ほど良い出来、高い値ほど悪い出来を表します）,83,6.918,1.433,2.649,1,0,NTX_Effort,努力,5,Q5. 直前の動画視聴タスクを行うために、どの程度努力しましたか？,41,9.566,0.784,4.934,1,0,NTX_Frustration,フラストレーション,6,Q6. 直前の動画視聴タスク中に、どの程度いらいら・不安・ストレスを感じましたか？,62,14.5,0.734,1.534,1,0,NTX_Overall,全体的負荷,7,Q7. 直前の動画視聴タスク全体として、どのくらいの負荷を感じましたか？,67,16.034,1.233,1.9,1,0
13b7da90-80da-4a40-8580-f0ca7b93925b,nasa_task_90,test001,control,3,3,1747b09d-fca1-4790-98ff-58936240e8b0,2026-07-12T19:30:17.021+00:00,2026-07-12T19:30:36.924+00:00,19.903,134,22.3333333333333,82,2026-07-12T19:30:36.979174+00:00,NTX_Mental,精神的要求,1,Q1. 直前の動画視聴タスクを行うために、どの程度頭を使いましたか？（考える、決める、記憶する、見るなど）,18,0,0.769,2.134,1,0,NTX_Physical,身体的要求,2,Q2. 直前の動画視聴タスクは、どの程度身体的に疲れましたか？,19,2.134,0.752,2.001,1,0,NTX_Temporal,時間的要求,3,Q3. 直前の動画視聴タスク中に、時間に追われている感覚はどの程度ありましたか？,7,4.134,0.8,1.784,1,0,NTX_Performance,パフォーマンス,4,Q4. 直前の動画視聴タスクの出来について、どの程度うまくできたと思いますか？（低い値ほど良い出来、高い値ほど悪い出来を表します）,9,5.918,0.882,2.917,1,0,NTX_Effort,努力,5,Q5. 直前の動画視聴タスクを行うために、どの程度努力しましたか？,10,8.835,0.885,2.5,1,0,NTX_Frustration,フラストレーション,6,Q6. 直前の動画視聴タスク中に、どの程度いらいら・不安・ストレスを感じましたか？,71,11.335,2.05,4.333,1,0,NTX_Overall,全体的負荷,7,Q7. 直前の動画視聴タスク全体として、どのくらいの負荷を感じましたか？,82,15.668,1.484,3.017,1,0
d1b53498-e134-4779-b309-9a7218211413,nasa_task_90,test001-v2,short,1,3,e1796593-dfe7-4b06-964f-f8b393af4dc6,2026-07-12T19:33:18.327+00:00,2026-07-12T19:33:43.914+00:00,25.586,143,23.8333333333333,0,2026-07-12T19:33:44.721339+00:00,NTX_Mental,精神的要求,1,Q1. 直前の動画視聴タスクを行うために、どの程度頭を使いましたか？（考える、決める、記憶する、見るなど）,85,0,1.119,6.718,1,0,NTX_Physical,身体的要求,2,Q2. 直前の動画視聴タスクは、どの程度身体的に疲れましたか？,7,6.718,1.066,2.6,1,0,NTX_Temporal,時間的要求,3,Q3. 直前の動画視聴タスク中に、時間に追われている感覚はどの程度ありましたか？,13,9.318,0.983,2.583,1,0,NTX_Performance,パフォーマンス,4,Q4. 直前の動画視聴タスクの出来について、どの程度うまくできたと思いますか？（低い値ほど良い出来、高い値ほど悪い出来を表します）,3,11.901,1.418,3.45,1,0,NTX_Effort,努力,5,Q5. 直前の動画視聴タスクを行うために、どの程度努力しましたか？,34,15.351,0.634,1.534,1,0,NTX_Frustration,フラストレーション,6,Q6. 直前の動画視聴タスク中に、どの程度いらいら・不安・ストレスを感じましたか？,1,16.886,1.302,2.833,1,0,NTX_Overall,全体的負荷,7,Q7. 直前の動画視聴タスク全体として、どのくらいの負荷を感じましたか？,0,19.719,2.134,3.667,1,0
869f7b71-6d9b-477c-bb50-810a4d0bd99c,nasa_task_90,test001-v2,short,1,3,c4863c63-c8e6-4144-b0be-af7dd789e213,2026-07-12T19:47:40.475+00:00,2026-07-12T19:47:56.08+00:00,15.604,38,6.33333333333333,10,2026-07-12T19:47:56.588372+00:00,NTX_Mental,精神的要求,1,Q1. 直前の動画視聴タスクを行うために、どの程度頭を使いましたか？（考える、決める、記憶する、見るなど）,4,0,0.816,1.966,1,0,NTX_Physical,身体的要求,2,Q2. 直前の動画視聴タスクは、どの程度身体的に疲れましたか？,4,1.966,0.916,1.8,1,0,NTX_Temporal,時間的要求,3,Q3. 直前の動画視聴タスク中に、時間に追われている感覚はどの程度ありましたか？,5,3.766,0.767,1.917,1,0,NTX_Performance,パフォーマンス,4,Q4. 直前の動画視聴タスクの出来について、どの程度うまくできたと思いますか？（低い値ほど良い出来、高い値ほど悪い出来を表します）,4,5.683,0.866,1.816,1,0,NTX_Effort,努力,5,Q5. 直前の動画視聴タスクを行うために、どの程度努力しましたか？,4,7.5,0.817,1.717,1,0,NTX_Frustration,フラストレーション,6,Q6. 直前の動画視聴タスク中に、どの程度いらいら・不安・ストレスを感じましたか？,17,9.217,2.549,3.266,1,0,NTX_Overall,全体的負荷,7,Q7. 直前の動画視聴タスク全体として、どのくらいの負荷を感じましたか？,10,12.483,1.317,2.217,1,0
2939477c-30e2-4c77-92ce-6355b5e16511,nasa_task_90,test001-v2,med,2,3,c4863c63-c8e6-4144-b0be-af7dd789e213,2026-07-12T19:47:59.942+00:00,2026-07-12T19:48:14.394+00:00,14.452,31,5.16666666666667,6,2026-07-12T19:48:14.406074+00:00,NTX_Mental,精神的要求,1,Q1. 直前の動画視聴タスクを行うために、どの程度頭を使いましたか？（考える、決める、記憶する、見るなど）,2,0,0.8,1.95,1,0,NTX_Physical,身体的要求,2,Q2. 直前の動画視聴タスクは、どの程度身体的に疲れましたか？,6,1.95,0.666,1.466,1,0,NTX_Temporal,時間的要求,3,Q3. 直前の動画視聴タスク中に、時間に追われている感覚はどの程度ありましたか？,7,3.416,0.733,1.567,1,0,NTX_Performance,パフォーマンス,4,Q4. 直前の動画視聴タスクの出来について、どの程度うまくできたと思いますか？（低い値ほど良い出来、高い値ほど悪い出来を表します）,8,4.983,1.817,2.734,1,0,NTX_Effort,努力,5,Q5. 直前の動画視聴タスクを行うために、どの程度努力しましたか？,4,7.718,1.016,1.8,1,0,NTX_Frustration,フラストレーション,6,Q6. 直前の動画視聴タスク中に、どの程度いらいら・不安・ストレスを感じましたか？,4,9.517,0.766,1.766,1,0,NTX_Overall,全体的負荷,7,Q7. 直前の動画視聴タスク全体として、どのくらいの負荷を感じましたか？,6,11.284,0.984,2.3,1,0
3cf2b71b-6a20-43c6-9d14-e8ce6dbe0a00,nasa_task_90,test001-v2,control,3,3,c4863c63-c8e6-4144-b0be-af7dd789e213,2026-07-12T19:48:19.075+00:00,2026-07-12T19:48:33.411+00:00,14.336,58,9.66666666666667,9,2026-07-12T19:48:33.40225+00:00,NTX_Mental,精神的要求,1,Q1. 直前の動画視聴タスクを行うために、どの程度頭を使いましたか？（考える、決める、記憶する、見るなど）,5,0,0.901,2.184,1,0,NTX_Physical,身体的要求,2,Q2. 直前の動画視聴タスクは、どの程度身体的に疲れましたか？,6,2.184,1.634,2.6,1,0,NTX_Temporal,時間的要求,3,Q3. 直前の動画視聴タスク中に、時間に追われている感覚はどの程度ありましたか？,7,4.784,0.6,1.351,1,0,NTX_Performance,パフォーマンス,4,Q4. 直前の動画視聴タスクの出来について、どの程度うまくできたと思いますか？（低い値ほど良い出来、高い値ほど悪い出来を表します）,17,6.135,0.682,1.466,1,0,NTX_Effort,努力,5,Q5. 直前の動画視聴タスクを行うために、どの程度努力しましたか？,9,7.602,1.216,2.05,1,0,NTX_Frustration,フラストレーション,6,Q6. 直前の動画視聴タスク中に、どの程度いらいら・不安・ストレスを感じましたか？,14,9.652,0.816,1.766,1,0,NTX_Overall,全体的負荷,7,Q7. 直前の動画視聴タスク全体として、どのくらいの負荷を感じましたか？,9,11.418,1.217,2.067,1,0
612c863b-2c1b-46ad-bfe9-5298f7391f3a,nasa_task_90,test007,short,1,3,76997634-8d4f-43a2-816f-ad72cd355430,2026-07-20T17:28:00.527+00:00,2026-07-20T17:28:20.031+00:00,19.504,129,21.5,13,2026-07-20T17:28:21.170279+00:00,NTX_Mental,精神的要求,1,Q1. 直前の動画視聴タスクを行うために、どの程度頭を使いましたか？（考える、決める、記憶する、見るなど）,12,0,1.25,3.7,1,0,NTX_Physical,身体的要求,2,Q2. 直前の動画視聴タスクは、どの程度身体的に疲れましたか？,65,3.7,0.75,1.567,1,0,NTX_Temporal,時間的要求,3,Q3. 直前の動画視聴タスク中に、時間に追われている感覚はどの程度ありましたか？,16,5.267,0.7,1.566,1,0,NTX_Performance,パフォーマンス,4,Q4. 直前の動画視聴タスクの出来について、どの程度うまくできたと思いますか？（低い値ほど良い出来、高い値ほど悪い出来を表します）,10,6.833,1.084,2.018,1,0,NTX_Effort,努力,5,Q5. 直前の動画視聴タスクを行うために、どの程度努力しましたか？,15,8.851,0.734,1.949,1,0,NTX_Frustration,フラストレーション,6,Q6. 直前の動画視聴タスク中に、どの程度いらいら・不安・ストレスを感じましたか？,11,10.8,1.033,2.233,1,0,NTX_Overall,全体的負荷,7,Q7. 直前の動画視聴タスク全体として、どのくらいの負荷を感じましたか？,13,13.033,0.884,1.966,1,0
f4a44b61-46a6-41fe-91c5-72fc5711bb5e,nasa_task_90,test999,short,1,3,d6e12686-e27a-42bd-803c-32a6d98b4b06,2026-07-17T18:08:56.923+00:00,2026-07-17T18:09:19.608+00:00,22.685,230,38.3333333333333,82,2026-07-17T18:09:20.268057+00:00,NTX_Mental,精神的要求,1,Q1. 直前の動画視聴タスクを行うために、どの程度頭を使いましたか？（考える、決める、記憶する、見るなど）,64,0.001,1.214,3.748,1,0,NTX_Physical,身体的要求,2,Q2. 直前の動画視聴タスクは、どの程度身体的に疲れましたか？,18,3.749,0.714,1.881,1,0,NTX_Temporal,時間的要求,3,Q3. 直前の動画視聴タスク中に、時間に追われている感覚はどの程度ありましたか？,19,5.63,0.883,3.05,1,0,NTX_Performance,パフォーマンス,4,Q4. 直前の動画視聴タスクの出来について、どの程度うまくできたと思いますか？（低い値ほど良い出来、高い値ほど悪い出来を表します）,36,8.68,1.151,4.633,1,0,NTX_Effort,努力,5,Q5. 直前の動画視聴タスクを行うために、どの程度努力しましたか？,73,13.314,1.016,2.317,1,0,NTX_Frustration,フラストレーション,6,Q6. 直前の動画視聴タスク中に、どの程度いらいら・不安・ストレスを感じましたか？,20,15.63,0.984,2.167,1,0,NTX_Overall,全体的負荷,7,Q7. 直前の動画視聴タスク全体として、どのくらいの負荷を感じましたか？,82,17.797,1.95,2.651,1,0
c1e81c48-e5a8-498d-a151-43a8cf815031,nasa_task_90,test999,med,2,3,d6e12686-e27a-42bd-803c-32a6d98b4b06,2026-07-17T18:11:13.605+00:00,2026-07-17T18:11:28.189+00:00,14.584,292,48.6666666666667,15,2026-07-17T18:11:29.056998+00:00,NTX_Mental,精神的要求,1,Q1. 直前の動画視聴タスクを行うために、どの程度頭を使いましたか？（考える、決める、記憶する、見るなど）,16,0.001,1.249,2.465,1,0,NTX_Physical,身体的要求,2,Q2. 直前の動画視聴タスクは、どの程度身体的に疲れましたか？,85,2.466,0.819,1.617,1,0,NTX_Temporal,時間的要求,3,Q3. 直前の動画視聴タスク中に、時間に追われている感覚はどの程度ありましたか？,13,4.082,0.983,2.085,1,0,NTX_Performance,パフォーマンス,4,Q4. 直前の動画視聴タスクの出来について、どの程度うまくできたと思いますか？（低い値ほど良い出来、高い値ほど悪い出来を表します）,45,6.167,0.716,1.599,1,0,NTX_Effort,努力,5,Q5. 直前の動画視聴タスクを行うために、どの程度努力しましたか？,69,7.766,0.717,1.849,1,0,NTX_Frustration,フラストレーション,6,Q6. 直前の動画視聴タスク中に、どの程度いらいら・不安・ストレスを感じましたか？,64,9.615,0.834,1.734,1,0,NTX_Overall,全体的負荷,7,Q7. 直前の動画視聴タスク全体として、どのくらいの負荷を感じましたか？,15,11.349,0.801,2.233,1,0
d4539fe5-d056-4f76-9eca-4783733f57cd,nasa_task_90,test999,control,3,3,d6e12686-e27a-42bd-803c-32a6d98b4b06,2026-07-17T18:11:54.12+00:00,2026-07-17T18:12:07.255+00:00,13.136,205,34.1666666666667,32,2026-07-17T18:12:07.425011+00:00,NTX_Mental,精神的要求,1,Q1. 直前の動画視聴タスクを行うために、どの程度頭を使いましたか？（考える、決める、記憶する、見るなど）,14,0,0.834,1.833,1,0,NTX_Physical,身体的要求,2,Q2. 直前の動画視聴タスクは、どの程度身体的に疲れましたか？,19,1.833,0.734,1.751,1,0,NTX_Temporal,時間的要求,3,Q3. 直前の動画視聴タスク中に、時間に追われている感覚はどの程度ありましたか？,57,3.584,0.701,1.701,1,0,NTX_Performance,パフォーマンス,4,Q4. 直前の動画視聴タスクの出来について、どの程度うまくできたと思いますか？（低い値ほど良い出来、高い値ほど悪い出来を表します）,21,5.285,0.9,2.166,1,0,NTX_Effort,努力,5,Q5. 直前の動画視聴タスクを行うために、どの程度努力しましたか？,80,7.451,0.733,1.399,1,0,NTX_Frustration,フラストレーション,6,Q6. 直前の動画視聴タスク中に、どの程度いらいら・不安・ストレスを感じましたか？,14,8.851,0.834,1.8,1,0,NTX_Overall,全体的負荷,7,Q7. 直前の動画視聴タスク全体として、どのくらいの負荷を感じましたか？,32,10.651,0.75,1.717,1,0
