participant_id,source_row,category,category_label,question_id,variant_number,display_order,question_text,answer_text,Latency,Writing,Chars,video_condition
A001,2,general,General,general_v3,3,1,Q1. 「映像を観る」という体験は、あなたの世界をどのように拡張、あるいは制限すると思いますか？,映像を見ることは今まで見たことがないものを仮想の経験として得ることができ、その点において私の世界を拡張すると考えらる。一方で、映像として視覚を用いて情報を受けることで、クリエイティブな創造性や、視覚以外の情報から描写をイメージする力が衰えるという点において私の世界を制限すると考える。,10.246,103.994,142,short
A001,3,general,General,general_v3,3,1,Q1. 「映像を観る」という体験は、あなたの世界をどのように拡張、あるいは制限すると思いますか？,自分の見たことのない世界について仮想体験をすることで、新しい知見が得られるという点で世界が拡張すると思う。一方で、視覚以外の情報から描写を創造する力は衰えると思う。その点において世界が制限されていると思う。,6.948,81.084,103,med
A001,4,general,General,general_v1,1,1,Q1. なぜ人の人生には映画が必要だと思いますか？,様々な立場の人間の視点になって物語に参加することで、いろいろなことを考えることができ、人生が豊かになるから。,4.387,43.375,54,control
A002,5,general,General,general_v3,3,1,Q1. 「映像を観る」という体験は、あなたの世界をどのように拡張、あるいは制限すると思いますか？,映画の世界に没入させ、一時的に現実世界のことを脳内から忘却させる,22.551,48.509,32,short
A002,6,general,General,general_v2,2,1,Q1. 映画を見るという行為によって、あなたは何を失いますか？,時間、他者との会話の時間、画面から目を離さなければ実行できない行動の機会,11.276,133.016,36,med
A002,7,general,General,general_v1,1,1,Q1. なぜ人の人生には映画が必要だと思いますか？,映画のストーリーを通して様々な世界や境遇、価値観、考えに触れることで視野を広げるため。,16.201,78.644,43,control
A003,8,general,General,general_v1,1,1,Q1. なぜ人の人生には映画が必要だと思いますか？,手軽に非日常を味わえるものだから。,18.686,49.596,17,short
A003,9,general,General,general_v3,3,1,Q1. 「映像を観る」という体験は、あなたの世界をどのように拡張、あるいは制限すると思いますか？,"映像を観ている間は、その映像に思考が縛り付けられる。
映像を見た後は、その映像の情報が自分に追加され、その後の思考や生活に影響を及ぼす。情報が追加されたことで新たな束縛条件が増えて自分にとっての世界が制限されているとも言えるし、新たな変数が増えて世界が広がるとも言えるが、個人的には後者の要素の方が強いと思う。",21.051,346.211,155,med
A003,10,general,General,general_v2,2,1,Q1. 映画を見るという行為によって、あなたは何を失いますか？,"時間
映画を見る前の価値観",12.427,31.239,13,control
A004,11,general,General,general_v2,2,1,Q1. 映画を見るという行為によって、あなたは何を失いますか？,時間とお金,12.738,16.829,5,short
A004,12,general,General,general_v1,1,1,Q1. なぜ人の人生には映画が必要だと思いますか？,映画を見ることで，自分では経験しえないような体験を映像を通して疑似体験し，感情を呼び起こすことができるから。,9.235,61.346,54,med
A004,13,general,General,general_v3,3,1,Q1. 「映像を観る」という体験は、あなたの世界をどのように拡張、あるいは制限すると思いますか？,映像にうつる，もの，人，概念に対する新しい知見を与える一方で，その見方を一つにしてしまうことも考えられる。,10.875,92.018,53,control
A005,14,general,General,general_v2,2,1,Q1. 映画を見るという行為によって、あなたは何を失いますか？,映画を見る前のワクワク感、疑問点,15.628,30.748,16,short
A005,15,general,General,general_v3,3,1,Q1. 「映像を観る」という体験は、あなたの世界をどのように拡張、あるいは制限すると思いますか？,現実では起こりにくい出来事を、映像から味わうことができる。,6.767,92.955,29,med
A005,16,general,General,general_v1,1,1,Q1. なぜ人の人生には映画が必要だと思いますか？,刺激が欲しいから。普通に生きているだけだとなかなか高揚感を味わう機会が少ない。映画はそれを手っ取り早く与えてくれる。,16.161,35.736,58,control
A006,17,general,General,general_v2,2,1,Q1. 映画を見るという行為によって、あなたは何を失いますか？,時間,10.096,46.019,2,short
A006,18,general,General,general_v3,3,1,Q1. 「映像を観る」という体験は、あなたの世界をどのように拡張、あるいは制限すると思いますか？,知らなかったり、知ることのできない世界を知ることができる。また、挑戦することを促すこともあればそれを制限することもある。,8.098,77.684,60,med
A006,19,general,General,general_v1,1,1,Q1. なぜ人の人生には映画が必要だと思いますか？,"新しい観点から物事を見ることができるようになる可能性があるから。
娯楽として人生を豊かにするため。",10.657,44.026,49,control
A007,20,general,General,general_v3,3,1,Q1. 「映像を観る」という体験は、あなたの世界をどのように拡張、あるいは制限すると思いますか？,まだ知らない情報を獲得し、知見を広げる。,14.895,12.434,20,short
A007,21,general,General,general_v1,1,1,Q1. なぜ人の人生には映画が必要だと思いますか？,物語を鑑賞することで、自分が生まれていなかった時代の頃の人間に思いを馳せられるから。,12.564,27.561,42,med
A007,22,general,General,general_v2,2,1,Q1. 映画を見るという行為によって、あなたは何を失いますか？,なにか失うという感覚はないが、強いて言えばつまらない映画を見ることによって時間を失う。,5.906,39.921,43,control
A008,23,general,General,general_v1,1,1,Q1. なぜ人の人生には映画が必要だと思いますか？,日常の娯楽と想像力の発達のために必要だと思う。2時間程度ではあるが、日常では味わえない景色や現実世界ではありえないようなシチュエーションは人の感情を興奮させてくれると思う。,26.268,156.962,86,short
A008,24,general,General,general_v3,3,1,Q1. 「映像を観る」という体験は、あなたの世界をどのように拡張、あるいは制限すると思いますか？,未知の分野への一歩として新しい世界を拡張している。しかしその映画にのめりこみ過ぎると映画を見ていない日常に時間でもその映画のことばかり考え、意識し、世界を制限してしまう場面もあると思う。,18.173,125.767,93,med
A008,25,general,General,general_v2,2,1,Q1. 映画を見るという行為によって、あなたは何を失いますか？,その映画を見ている時間を失うのと見ている最中は自分の他の事情を忘れることができる,7.622,64.82,40,control
A009,26,general,General,general_v3,3,1,Q1. 「映像を観る」という体験は、あなたの世界をどのように拡張、あるいは制限すると思いますか？,様々な視点を得ることができると思う。,9.522,11.546,18,short
A009,27,general,General,general_v2,2,1,Q1. 映画を見るという行為によって、あなたは何を失いますか？,"時間
お金",7.99,7.165,5,med
A009,28,general,General,general_v1,1,1,Q1. なぜ人の人生には映画が必要だと思いますか？,とある人の人生を長い時間みることで、新たな視点を得ることができるため。,20.486,35.302,35,control
A010,29,general,General,general_v3,3,1,Q1. 「映像を観る」という体験は、あなたの世界をどのように拡張、あるいは制限すると思いますか？,知らない世界や経験したことない世界にいける想像力を掻き立ててくれると思います。一方で事前情報などを知っていないと理解しきれない箇所があり、一般教養を必要とすると思うためそこが制限になるかと考えます,9.72,56.262,98,short
A010,30,general,General,general_v2,2,1,Q1. 映画を見るという行為によって、あなたは何を失いますか？,似たような人物の人生を映画で先に見ている場合、新しく出会う現実の人物が似ていた場合驚きを失う。相手をカテゴライズして物事を見てしまうこと。,15.719,48.625,69,med
A010,31,general,General,general_v1,1,1,Q1. なぜ人の人生には映画が必要だと思いますか？,映画で起こった出来事を見て自分の行動や人生を振り返り、今の生き方をさらに豊かにするために,5.779,35.899,44,control
A011,32,general,General,general_v2,2,1,Q1. 映画を見るという行為によって、あなたは何を失いますか？,映画を見ることにより、少なからず自分の価値観は書き変わると思う。そのため、映画を見る前の価値観を失うと言える。,12.746,53.116,55,short
A011,33,general,General,general_v3,3,1,Q1. 「映像を観る」という体験は、あなたの世界をどのように拡張、あるいは制限すると思いますか？,見たことのない映像を見ることにより、想像もしなかった視点からの映像を楽しめる点で世界は拡張するが、映像に没頭している時間、外界との接続は遮断されるため、その点では実世界の活動を制限されていると考えられる。,9.314,89.244,102,med
A011,34,general,General,general_v1,1,1,Q1. なぜ人の人生には映画が必要だと思いますか？,大抵の映画にはメッセージが込められている。そのメッセージを汲み取ることで、自分の考えを強固にできたり、あるいは自分と違う思考を吸収できたりする。これらによって、総じて自分の思考力は伸びると思う。それゆえ、映画は必要だと考える。,12.09,147.316,113,control
A012,35,general,General,general_v1,1,1,Q1. なぜ人の人生には映画が必要だと思いますか？,非日常を体感するため。違う人になりきる体験をし、考えや感情の幅を広げるため。,3.732,51.239,38,short
A012,36,general,General,general_v3,3,1,Q1. 「映像を観る」という体験は、あなたの世界をどのように拡張、あるいは制限すると思いますか？,知らない世界について詳しくなる、インスピレーションを得る、という点で世界を拡張する。一方で、映像を見たことによって先入観も同時に持つようになり、自由な発想が生まれにくくなる。,7.707,93.261,87,med
A012,37,general,General,general_v2,2,1,Q1. 映画を見るという行為によって、あなたは何を失いますか？,"時間を失う。
また、エンタメ性の高い映画を見ることは、現実逃避にもなり得るため、するべきことをしなくてはという焦燥感が失われる。",37.845,87.581,64,control
A013,38,general,General,general_v2,2,1,Q1. 映画を見るという行為によって、あなたは何を失いますか？,大きな身体的な動作とほかのことを考える思考。,48.593,78.42,22,short
A013,39,general,General,general_v3,3,1,Q1. 「映像を観る」という体験は、あなたの世界をどのように拡張、あるいは制限すると思いますか？,例えば、戦国時代の戦を見たときに歴史を想像でき、見ているときはそれだけに集中することになる。,37.687,102.282,46,med
A013,40,general,General,general_v1,1,1,Q1. なぜ人の人生には映画が必要だと思いますか？,内容に共感することで、自分は独りではないことに気づくため。,57.288,92.973,29,control
A015,41,general,General,general_v1,1,1,Q1. なぜ人の人生には映画が必要だと思いますか？,"自分の知らない世界、考え方を知るため
またシンプルに娯楽として必要",10.691,32.498,33,short
A015,42,general,General,general_v3,3,1,Q1. 「映像を観る」という体験は、あなたの世界をどのように拡張、あるいは制限すると思いますか？,私の知らないものを知った時は世界を広げるが、私の知っているものを見た時は世界を固定化するように感じる。,1.742,91.599,51,med
A015,43,general,General,general_v2,2,1,Q1. 映画を見るという行為によって、あなたは何を失いますか？,見る前まで持っていた価値観,7.912,47.067,13,control
A016,44,general,General,general_v1,1,1,Q1. なぜ人の人生には映画が必要だと思いますか？,映画を見ることで一定の時間を娯楽に没頭することに費やすことができるから,24.279,97.878,35,short
A016,45,general,General,general_v3,3,1,Q1. 「映像を観る」という体験は、あなたの世界をどのように拡張、あるいは制限すると思いますか？,他人の人生や経験を追体験することができるので、映画を見ることで自分の世界の体験の幅を広げることができると思う。一方で、他人の経験に縛られてしまうという面もあると思う。,37.936,80.408,83,med
A016,46,general,General,general_v2,2,1,Q1. 映画を見るという行為によって、あなたは何を失いますか？,時間とお金,6.637,24.887,5,control
A018,47,general,General,general_v1,1,1,Q1. なぜ人の人生には映画が必要だと思いますか？,娯楽として、自分の人生ではない物語を安全圏から楽しめるから。,6.427,17.328,30,short
A018,48,general,General,general_v3,3,1,Q1. 「映像を観る」という体験は、あなたの世界をどのように拡張、あるいは制限すると思いますか？,世界を拡張するという意味では、自分の興味のなかった世界を知るきっかけにはなるかもしれないと思う。ただ、映像を見ている間は、特に目と耳はそこに注目しなくてはいけない場合が多いのでその点では制限されているようにも思う。,15.524,74.592,107,med
A018,49,general,General,general_v2,2,1,Q1. 映画を見るという行為によって、あなたは何を失いますか？,その映画を見ている時間,6.97,17.224,11,control
A019,50,general,General,general_v1,1,1,Q1. なぜ人の人生には映画が必要だと思いますか？,色々な感情になることができるから。いろいろな感情を経験することで人生が豊かになる。歴史や教訓を知ることができるから。,4.598,48.458,58,short
A019,51,general,General,general_v2,2,1,Q1. 映画を見るという行為によって、あなたは何を失いますか？,時間、お金,17.586,22.148,5,med
A019,52,general,General,general_v3,3,1,Q1. 「映像を観る」という体験は、あなたの世界をどのように拡張、あるいは制限すると思いますか？,映像を見ることは自分の知見や感情を拡張させていると思う。しかし、映像を見るという行為は時間を制限すると思う。,6.479,93.532,54,control
A020,53,general,General,general_v3,3,1,Q1. 「映像を観る」という体験は、あなたの世界をどのように拡張、あるいは制限すると思いますか？,普通であれば得られない体験を与える。,57.797,6.828,18,short
A020,54,general,General,general_v2,2,1,Q1. 映画を見るという行為によって、あなたは何を失いますか？,時間、その映画を観る直前に持っていたワクワク感,30.638,23.661,23,med
A020,55,general,General,general_v1,1,1,Q1. なぜ人の人生には映画が必要だと思いますか？,日常では得られない体験を擬似的に行える。,8.1,9.118,20,control
A021,56,general,General,general_v2,2,1,Q1. 映画を見るという行為によって、あなたは何を失いますか？,映画を見る行為によって、私は文字だけで想像する力を失う。,10.149,77.965,28,short
A021,57,general,General,general_v1,1,1,Q1. なぜ人の人生には映画が必要だと思いますか？,映画を観ることによって自分とは異なる他人の視点や生き方、思想を見ることができ、自分の人生にそれらを取り入れることでより豊かなものになりうると思うから人の人生には映画が必要だと思う。,12.413,89.501,90,med
A021,58,general,General,general_v3,3,1,Q1. 「映像を観る」という体験は、あなたの世界をどのように拡張、あるいは制限すると思いますか？,「映像を観る」という体験は、「この先一体何が起こるんだろう」「この映像で伝えたいこと・目的は何なのだろうか」といった想像力を拡張させると思う。,10.745,151.021,71,control
A022,59,general,General,general_v2,2,1,Q1. 映画を見るという行為によって、あなたは何を失いますか？,映画を見ることで、特に見た直後、映画を自分の中で消化しきるまでは、映画内に出てきた考え方や行動に多少なりとも影響されることになる。映画によるバイアスがかかることになるという意味では、映画によるバイアスのない視点を失っている。,13.033,132.569,112,short
A022,60,general,General,general_v1,1,1,Q1. なぜ人の人生には映画が必要だと思いますか？,自分一人の人生では、社会で多種多様な人間と関わって生きていくために足りない想像力を補うことができるから。,5.435,80.747,52,med
A022,61,general,General,general_v3,3,1,Q1. 「映像を観る」という体験は、あなたの世界をどのように拡張、あるいは制限すると思いますか？,映像を観ているときは、見ている瞬間には、視界や思考を動画に集中させているという意味で自分の世界を制限している。一方で、同時に、映像の中で自分の知らない世界が出てきたと感じる場合、自分の世界が広がったという感覚が明確にある。また、映像を観るということを通して、映像を観た後の生活の中で、映像と似た状況や知識と対面したとき、自分が認識できる世界が広がったという実感を改めて確かめる体験もある。,24.146,168.606,194,control
A023,62,general,General,general_v2,2,1,Q1. 映画を見るという行為によって、あなたは何を失いますか？,時間,5.832,4.726,2,short
A023,63,general,General,general_v1,1,1,Q1. なぜ人の人生には映画が必要だと思いますか？,人の人生に映画が必要だと思ったことがないため、なんとなくの想像した感想となってしまいますが、知らないものを知る一つの手段になるからと思いました。（学校の義務教育のような…）,32.621,89.257,86,med
A023,64,general,General,general_v3,3,1,Q1. 「映像を観る」という体験は、あなたの世界をどのように拡張、あるいは制限すると思いますか？,自分の視野を広げるもの、新しい知識を無意識にインプットできるものと考えています。,17.973,64.023,40,control
A024,65,general,General,general_v1,1,1,Q1. なぜ人の人生には映画が必要だと思いますか？,自分では味わえない、みたことのない景色や情景、感情に触れることができるから。映画のメッセージを自分なりに受け取ることができるから。時代を超えた作品に出会い、楽しむことができるから。,63.252,41.263,90,short
A024,66,general,General,general_v2,2,1,Q1. 映画を見るという行為によって、あなたは何を失いますか？,時間とお金。,4.327,24.34,6,med
A024,67,general,General,general_v3,3,1,Q1. 「映像を観る」という体験は、あなたの世界をどのように拡張、あるいは制限すると思いますか？,今まで経験したことのない世界へ誘ってくれる。自分の世界に対して新しい刺激をくれる。,6.598,55.868,41,control
A025,68,general,General,general_v2,2,1,Q1. 映画を見るという行為によって、あなたは何を失いますか？,お金、時間,11.821,10.865,5,short
A025,69,general,General,general_v3,3,1,Q1. 「映像を観る」という体験は、あなたの世界をどのように拡張、あるいは制限すると思いますか？,非現実的なことが起こるのではないかと理想を抱いてしまう。失敗してもなんとかなると希望を抱いてしまう。,7.972,43.729,50,med
A025,70,general,General,general_v1,1,1,Q1. なぜ人の人生には映画が必要だと思いますか？,見ることで人生に楽しみが増えると思うから、ストレス溜まって何かを忘れたい時に見るのにちょうどいいから。,9.801,58.766,51,control
A027,71,general,General,general_v1,1,1,Q1. なぜ人の人生には映画が必要だと思いますか？,単純に物語を楽しむという娯楽の観点と、多様な思想、社会、生き方を知り自分の世界を広くするため。,15.769,65.817,47,short
A027,72,general,General,general_v2,2,1,Q1. 映画を見るという行為によって、あなたは何を失いますか？,時間と、映画の内容にもよるが自分の価値観との相違による自分の考え方への自信のようなもの,18.697,63.507,43,med
A027,73,general,General,general_v3,3,1,Q1. 「映像を観る」という体験は、あなたの世界をどのように拡張、あるいは制限すると思いますか？,自分の体験できない視点での出来事や、そもそも現実ではありえない世界観を見せてくれる映像は、自分の中にいくつも別の世界の断片を作ってくれるように思う。,22.175,99.291,74,control
A028,74,general,General,general_v3,3,1,Q1. 「映像を観る」という体験は、あなたの世界をどのように拡張、あるいは制限すると思いますか？,"映像を観るという体験は、リアリティによって感受性を育てる。そのため、世界に対して自分事だと思う力が養われ、世界そのものが拡張されうる。
しかし、そのリアリティによって想像の余地が奪われ、想像力が奪われ、その点においては世界が制限されると思う。",3.638,77.774,121,short
A028,75,general,General,general_v2,2,1,Q1. 映画を見るという行為によって、あなたは何を失いますか？,"想像力。
書籍や音楽といった、ある種知覚に対しての多くの空白を持つコンテンツとは違い、映画はそういった空白が少ない。たとえば時間は決められているし、視覚的・聴覚的に何が起きているかを認識するのは比較的たやすい。
そのせいで、何が起きているかなどを全て説明されないと分からないというような認知の仕方になってしまうだろうと思う。",11.744,195.725,162,med
A028,76,general,General,general_v1,1,1,Q1. なぜ人の人生には映画が必要だと思いますか？,"娯楽としての役割が大きい。人生は意味のない暇つぶしのものであり、視覚情報だけの書籍や聴覚情報だけのラジオや音楽より大きな刺激を得ることで、暇つぶしを容易にすることができる。
さらに、本だけでは得られないリアリティを映画で感じることで、感受性をはぐくむことができるので、ある種教育的な役割も果たしているかもしれない。子どもへの教育にも適していると思う。",4.484,138.623,175,control
A029,77,general,General,general_v2,2,1,Q1. 映画を見るという行為によって、あなたは何を失いますか？,時間,7.68,7.08,2,short
A029,78,general,General,general_v3,3,1,Q1. 「映像を観る」という体験は、あなたの世界をどのように拡張、あるいは制限すると思いますか？,映像を見ることでイメージや想像力が膨らみ、理解力が向上すると考える。また、映像を見ることで自分に対する目標を持つこともできるし、逆に落ち込んだりすることもあると思う。,15.786,153.135,83,control
A029,79,general,General,general_v1,1,1,Q1. なぜ人の人生には映画が必要だと思いますか？,つらいときや考えるときの思考のたすけになるため。,12.412,44.594,24,med
A001,2,content,Content,content_v1,1,5,Q2. 先ほどの映像の中で、「何が正しい生き方なのか」についてあなたの考えを教えてください。,人を愛し、自分の信念にまっすぐに、曲げないように強くあろうと努力し続けることが正しい生き方なのではないかと感じた,4.09,26.11,56,short
A001,3,content,Content,content_v3,3,5,Q2. 先ほどの映像では、登場人物のどのような選択や葛藤が描かれていたと思いますか？,ただ何もせず、時間を過ごすためだけにいろんな場所にいったり、うろうろしていたりした。何かをしたい、寂しさを感じるが、地位を守るために何もしないという葛藤が見えた。,8.64,71.815,81,med
A001,4,content,Content,content_v1,1,3,Q2. 先ほどの映像の中で、「何が正しい生き方なのか」についてあなたの考えを教えてください。,私にとって正しい生き方は、大事な人を悲しませず、何が大事かを見失わず、自分の信念をもって人生の選択をし続けることだと思う,3.546,45.864,60,control
A002,5,content,Content,content_v2,2,2,Q2. 先ほどの映像は、人のどのような部分を映し出していると思いますか？,主観的に物事を捉えてしまう面,136.976,66.523,14,short
A002,6,content,Content,content_v3,3,2,Q2. 先ほどの映像では、登場人物のどのような選択や葛藤が描かれていたと思いますか？,主人公の男性が地位を守るために毎日自ら無為に過ごすことへの生きづらさ,13.708,198.167,34,med
A002,7,content,Content,content_v1,1,4,Q2. 先ほどの映像の中で、「何が正しい生き方なのか」についてあなたの考えを教えてください。,権力者におもねてその考えにただ従うのではなく、人々や世の実情に向き合ってそれらのために何をすべきか考え、行動に移すこと。,10.378,126.665,60,control
A003,8,content,Content,content_v2,2,5,Q2. 先ほどの映像は、人のどのような部分を映し出していると思いますか？,侍には、戦いをしてでも貫きたい理想や信念がある点。,8.901,107.315,25,short
A003,9,content,Content,content_v3,3,3,Q2. 先ほどの映像では、登場人物のどのような選択や葛藤が描かれていたと思いますか？,自分のつまらない現状に思うところがあるが、地位を守るためには何もしない方が良い、というジレンマが描かれていた。,5.841,90.139,55,med
A003,10,content,Content,content_v1,1,5,Q2. 先ほどの映像の中で、「何が正しい生き方なのか」についてあなたの考えを教えてください。,基本的に自分の指針に沿った、自分が納得できる行動や選択をすること。,20.274,77.259,33,control
A004,11,content,Content,content_v3,3,4,Q2. 先ほどの映像では、登場人物のどのような選択や葛藤が描かれていたと思いますか？,映像を見る限り，主人公は大人数で動くよりは単独行動を好みそうだったので，主人公を取り巻く人々や組織を主人公がどう扱うか，という選択が重要な要素として描かれているように思った。,4.976,185.528,87,short
A004,12,content,Content,content_v1,1,5,Q2. 先ほどの映像の中で、「何が正しい生き方なのか」についてあなたの考えを教えてください。,自分を気にかけてそばにいてくれる人のことは省みなければならない。,7.588,54.069,32,med
A004,13,content,Content,content_v2,2,3,Q2. 先ほどの映像は、人のどのような部分を映し出していると思いますか？,覚悟を持った人間は人を切ることをためらわないし，命を大切にする感性を併せ持つこともある，人間の様々な側面をもつ部分,5.968,81.295,57,control
A005,14,content,Content,content_v1,1,5,Q2. 先ほどの映像の中で、「何が正しい生き方なのか」についてあなたの考えを教えてください。,家族と仲良く暮らす。信念を持って生きる。,18.14,45.321,20,short
A005,15,content,Content,content_v3,3,2,Q2. 先ほどの映像では、登場人物のどのような選択や葛藤が描かれていたと思いますか？,人を切るか切らないかという葛藤。侍がいなくなりそうな世の中でどう生きていくかという苦悩。,19.914,40.219,44,med
A005,16,content,Content,content_v2,2,5,Q2. 先ほどの映像は、人のどのような部分を映し出していると思いますか？,人を愛する気持ち、人の残忍な一面,5.851,24.934,16,control
A006,17,content,Content,content_v2,2,2,Q2. 先ほどの映像は、人のどのような部分を映し出していると思いますか？,人の醜い部分と善の部分,5.712,22.305,11,short
A006,18,content,Content,content_v1,1,5,Q2. 先ほどの映像の中で、「何が正しい生き方なのか」についてあなたの考えを教えてください。,少しの楽しみも逃さないこと,14.499,15.418,13,med
A006,19,content,Content,content_v3,3,3,Q2. 先ほどの映像では、登場人物のどのような選択や葛藤が描かれていたと思いますか？,愛を優先するか地位や忠誠を優先するか,8.112,45.972,18,control
A007,20,content,Content,content_v3,3,4,Q2. 先ほどの映像では、登場人物のどのような選択や葛藤が描かれていたと思いますか？,侍という立場を持つ者同士が自分自身の選択に悩み、どのように物事を進めるべきかを悩むような描写,4.093,67.142,46,short
A007,21,content,Content,content_v2,2,5,Q2. 先ほどの映像は、人のどのような部分を映し出していると思いますか？,欲求など理性的な面とは反する、その人の本性が現れる部分,6.693,38.878,27,med
A007,22,content,Content,content_v3,3,4,Q2. 先ほどの映像では、登場人物のどのような選択や葛藤が描かれていたと思いますか？,登場する女性はどちらの男性にこれから先ついていくべきか、大きい悩みが描かれていたと思う。,6.155,46.913,44,control
A008,23,content,Content,content_v2,2,2,Q2. 先ほどの映像は、人のどのような部分を映し出していると思いますか？,人の欲望というところを主にテーマとして映し出していると思う。,33.26,35.418,30,short
A008,24,content,Content,content_v3,3,5,Q2. 先ほどの映像では、登場人物のどのような選択や葛藤が描かれていたと思いますか？,主人公が侍になるのかならないのか。暗殺は身内の中の裏切り者によるものなのかという葛藤と選択,6.33,45.924,45,med
A008,25,content,Content,content_v1,1,4,Q2. 先ほどの映像の中で、「何が正しい生き方なのか」についてあなたの考えを教えてください。,切腹よりも自分の赤子を守る選択をとったような場面で自分が死ぬのは簡単だが死んだ後に残された身を考えることも大切だと思った。,16.06,76.532,61,control
A009,26,content,Content,content_v2,2,3,Q2. 先ほどの映像は、人のどのような部分を映し出していると思いますか？,親と子の絆,19.635,12.586,5,short
A009,27,content,Content,content_v2,2,4,Q2. 先ほどの映像は、人のどのような部分を映し出していると思いますか？,人のプライド,6.122,4.335,6,med
A009,28,content,Content,content_v1,1,3,Q2. 先ほどの映像の中で、「何が正しい生き方なのか」についてあなたの考えを教えてください。,自分の大切な人を大切にすること。,13.377,13.319,16,control
A010,29,content,Content,content_v1,1,5,Q2. 先ほどの映像の中で、「何が正しい生き方なのか」についてあなたの考えを教えてください。,誘惑があったとしても、今の人生を慎ましく暮らすこと,3.249,13.876,25,short
A010,30,content,Content,content_v2,2,2,Q2. 先ほどの映像は、人のどのような部分を映し出していると思いますか？,何もしていないように見えるはずの相手が、実は孤独感を抱えていること。人の心のうちはその人にしかわからないということ,4.535,29.515,57,med
A010,31,content,Content,content_v3,3,3,Q2. 先ほどの映像では、登場人物のどのような選択や葛藤が描かれていたと思いますか？,登場人物が戦時中でありながらも、自殺をせずに生きようとしている姿や、恋することや青春などを本当は歩みたかったがそうはならなかった葛藤。,3.263,39.687,67,control
A011,32,content,Content,content_v3,3,4,Q2. 先ほどの映像では、登場人物のどのような選択や葛藤が描かれていたと思いますか？,父親の、今世を諦めなければいけないという葛藤と、娘へ形見と共に心のあり方を託すという選択。,7.293,63.814,45,short
A011,33,content,Content,content_v2,2,5,Q2. 先ほどの映像は、人のどのような部分を映し出していると思いますか？,理性で御しきれない、本能的な欲の部分。,4.905,33.056,19,med
A011,34,content,Content,content_v1,1,4,Q2. 先ほどの映像の中で、「何が正しい生き方なのか」についてあなたの考えを教えてください。,先ほどの映像の中では、一介の流浪人では終われないという主人公の力強さが描かれていた。あの映像を通して、そのように野望に燃える生き方が正しいと伝えたいように感じた。,23.997,104.418,81,control
A012,35,content,Content,content_v3,3,2,Q2. 先ほどの映像では、登場人物のどのような選択や葛藤が描かれていたと思いますか？,愛する人への気持ちを優先するか、自分の立場や身の安全を確保し、波風立てない穏やかな生活を優先するか。,5.038,42.554,50,short
A012,36,content,Content,content_v1,1,4,Q2. 先ほどの映像の中で、「何が正しい生き方なのか」についてあなたの考えを教えてください。,家族を大切にするだけでなく、身内以外の人にも慈しみを持つこと。侍だからと言ってむやみに戦うのはあまりよくないと思う。,7.99,47.152,58,med
A012,37,content,Content,content_v2,2,5,Q2. 先ほどの映像は、人のどのような部分を映し出していると思いますか？,人生をかけたいと思える何かに熱中したり、一つのことに情熱を注ぐことで、人は生き生きと輝き始めるという部分。,3.771,61.986,53,control
A013,38,content,Content,content_v1,1,2,Q2. 先ほどの映像の中で、「何が正しい生き方なのか」についてあなたの考えを教えてください。,味方のために尽くすこと。,52.667,21.641,12,short
A013,39,content,Content,content_v3,3,5,Q2. 先ほどの映像では、登場人物のどのような選択や葛藤が描かれていたと思いますか？,戦法や上下関係について。,11.939,20.101,12,med
A013,40,content,Content,content_v2,2,5,Q2. 先ほどの映像は、人のどのような部分を映し出していると思いますか？,武士は淡々と自分の役割を成し遂げる。,18.074,35.402,18,control
A015,41,content,Content,content_v2,2,2,Q2. 先ほどの映像は、人のどのような部分を映し出していると思いますか？,価値観、ものの考え方,10.055,10.942,10,short
A015,42,content,Content,content_v3,3,4,Q2. 先ほどの映像では、登場人物のどのような選択や葛藤が描かれていたと思いますか？,"おそらく父である人物の焦燥、家宝を託すという選択
子供の未来で起こる様々な選択",15.81,68.061,39,med
A015,43,content,Content,content_v1,1,3,Q2. 先ほどの映像の中で、「何が正しい生き方なのか」についてあなたの考えを教えてください。,個々人の価値観ではあるものの、そのときそのときの時代、政治的動向に大きく影響される者だと思う。,10.324,40.989,47,control
A016,44,content,Content,content_v3,3,2,Q2. 先ほどの映像では、登場人物のどのような選択や葛藤が描かれていたと思いますか？,別れと親しい人の将来への葛藤,9.263,24.081,14,short
A016,45,content,Content,content_v1,1,3,Q2. 先ほどの映像の中で、「何が正しい生き方なのか」についてあなたの考えを教えてください。,どんなに苦しくても楽しみを見つけていくという生き方,12.665,32.397,25,med
A016,46,content,Content,content_v2,2,3,Q2. 先ほどの映像は、人のどのような部分を映し出していると思いますか？,人生で何も成し遂げられないかもしれないことへの焦燥感,10.184,30.274,26,control
A018,47,content,Content,content_v1,1,5,Q2. 先ほどの映像の中で、「何が正しい生き方なのか」についてあなたの考えを教えてください。,先ほどの映像の設定の中で判断するとしたら、今の時代に生きている私にとっては、お嫁さんを大事にした方がいいと思ってしまいますが、そうもいかない時代を描いているのだろうなとも思います。,11.812,64.687,90,short
A018,48,content,Content,content_v3,3,2,Q2. 先ほどの映像では、登場人物のどのような選択や葛藤が描かれていたと思いますか？,女性主人公の生きづらさ。,7.371,33.728,12,med
A018,49,content,Content,content_v2,2,5,Q2. 先ほどの映像は、人のどのような部分を映し出していると思いますか？,侍としての矜持を守ることより、家族を守ることを優先するという父性。,6.254,34.666,33,control
A019,50,content,Content,content_v1,1,2,Q2. 先ほどの映像の中で、「何が正しい生き方なのか」についてあなたの考えを教えてください。,自分のやりたいと決めた道をまっすぐ進むという生き方,8.834,27.064,25,short
A019,51,content,Content,content_v3,3,2,Q2. 先ほどの映像では、登場人物のどのような選択や葛藤が描かれていたと思いますか？,侍として生きるか生きないかないかという選択、徳川家存続の葛藤,5.492,64.822,30,med
A019,52,content,Content,content_v2,2,3,Q2. 先ほどの映像は、人のどのような部分を映し出していると思いますか？,欲望に溺れる部分。好きだったものが嫌いになるという人間起伏の激しい感情,5.816,78.468,35,control
A020,53,content,Content,content_v1,1,4,Q2. 先ほどの映像の中で、「何が正しい生き方なのか」についてあなたの考えを教えてください。,他人に厳しく当たることがあるならば、自身にはより厳しく接するべきである。,42.21,18.787,36,short
A020,54,content,Content,content_v2,2,2,Q2. 先ほどの映像は、人のどのような部分を映し出していると思いますか？,社会にもまれてすれた後の人物像,65.152,7.824,15,med
A020,55,content,Content,content_v3,3,4,Q2. 先ほどの映像では、登場人物のどのような選択や葛藤が描かれていたと思いますか？,自身の大切なもののために、上司の要求に反抗した,25.704,18.394,23,control
A021,56,content,Content,content_v3,3,2,Q2. 先ほどの映像では、登場人物のどのような選択や葛藤が描かれていたと思いますか？,先ほどの映像では、登場人物の父の言葉を忘れずに情けは隔てなく生きるという選択について言及されていたが、どのような葛藤があるかどうかまでは読み取れなかった。,4.585,105.949,77,short
A021,57,content,Content,content_v1,1,4,Q2. 先ほどの映像の中で、「何が正しい生き方なのか」についてあなたの考えを教えてください。,やはり人生のなかで誘惑は数多く存在し、避けようと思っても避けられないこともいくつか起こりうると思うが、それらを理解した上で、自分がいかに誘惑に負ける弱い人間であることを自覚しながら生きていくことが、私の思う「正しい生き方」なのではないかと思った。,5.856,134.459,123,med
A021,58,content,Content,content_v2,2,2,Q2. 先ほどの映像は、人のどのような部分を映し出していると思いますか？,先ほどの映像は、人がただ無為に生きるのではなく、限られた時間の中で楽しんで生きている部分を映し出していると思う。,4.704,130.362,56,control
A022,59,content,Content,content_v1,1,3,Q2. 先ほどの映像の中で、「何が正しい生き方なのか」についてあなたの考えを教えてください。,侍という立場や職業としての自分の生き方があって、家族の一員としての自分の顔もあって、それがぶつかり合わないようにバランスを考えていくことが正しい生き方なのではないかと思った。,16.459,100.23,87,short
A022,60,content,Content,content_v3,3,2,Q2. 先ほどの映像では、登場人物のどのような選択や葛藤が描かれていたと思いますか？,周囲の人間が当たり前に亡くなる残酷な環境の中で、主に若い女性たちがどのように青春時代を過ごし、戦争やそれによって起こる数々の出来事に対してどのように向き合っていくのかや、どのように生きて、どのように死ぬのかといった選択と葛藤が描かれていた。,9.344,130.655,120,med
A022,61,content,Content,content_v2,2,2,Q2. 先ほどの映像は、人のどのような部分を映し出していると思いますか？,何か大きな出来事が起こったときに、それを取り巻く人々がどのようにその出来事に向き合うかの多様性と、それらの向き合い方がどのように絡んで社会や歴史を形作っていくのかという過程を映し出しているのではないかと思う。,38.818,106.207,104,control
A023,62,content,Content,content_v1,1,2,Q2. 先ほどの映像の中で、「何が正しい生き方なのか」についてあなたの考えを教えてください。,自分の気持ちに素直に生きること,14.467,19.831,15,short
A023,63,content,Content,content_v2,2,2,Q2. 先ほどの映像は、人のどのような部分を映し出していると思いますか？,素直さ,20.738,4.138,3,med
A023,64,content,Content,content_v3,3,4,Q2. 先ほどの映像では、登場人物のどのような選択や葛藤が描かれていたと思いますか？,大人が子供に対して生きるとはどういうことかを、幼い頃から教える、選択肢を与えるような内容に感じました。また、生きるためにはなりふり構わないような葛藤する場面が見受けられるように感じました。,23.467,87.383,94,control
A024,65,content,Content,content_v3,3,4,Q2. 先ほどの映像では、登場人物のどのような選択や葛藤が描かれていたと思いますか？,一国の主として統治する主人公の、人に裏切られたり苦しんだりした経験。国や家族を守るためにはどの選択がベストなのかを迷う葛藤。,2.553,73.364,62,short
A024,66,content,Content,content_v2,2,2,Q2. 先ほどの映像は、人のどのような部分を映し出していると思いますか？,目的を持って生きなければ、それは人ではない。人生で何を成し遂げるかを考えて生きなければならないというところ。,4.826,56.439,54,med
A024,67,content,Content,content_v1,1,5,Q2. 先ほどの映像の中で、「何が正しい生き方なのか」についてあなたの考えを教えてください。,置かれている状況が異なっていても、己の精神を貫いて、命をかけて突き進むことこそが正しい生き方、武士道なのではないかと考えた。,6.35,34.183,62,control
A025,68,content,Content,content_v2,2,4,Q2. 先ほどの映像は、人のどのような部分を映し出していると思いますか？,人の嫌なところがある人とない人の戦い,4.74,28.51,18,short
A025,69,content,Content,content_v1,1,2,Q2. 先ほどの映像の中で、「何が正しい生き方なのか」についてあなたの考えを教えてください。,自分の考えを貫く、暗殺しようとか人をはめるようなことはしない,8.33,31.801,30,med
A025,70,content,Content,content_v3,3,5,Q2. 先ほどの映像では、登場人物のどのような選択や葛藤が描かれていたと思いますか？,侍を捨てて、武士として生きてきた自分を捨てなければならない葛藤,4.275,32.439,31,control
A027,71,content,Content,content_v1,1,5,Q2. 先ほどの映像の中で、「何が正しい生き方なのか」についてあなたの考えを教えてください。,自分の良心に恥じることのないように生きること。,9.49,34.846,23,short
A027,72,content,Content,content_v3,3,2,Q2. 先ほどの映像では、登場人物のどのような選択や葛藤が描かれていたと思いますか？,社会に溶け込んで生きることの難しさ,9.364,34.119,17,med
A027,73,content,Content,content_v2,2,2,Q2. 先ほどの映像は、人のどのような部分を映し出していると思いますか？,人の欲望に対するしがらみ,4.192,28.0,12,control
A028,74,content,Content,content_v2,2,3,Q2. 先ほどの映像は、人のどのような部分を映し出していると思いますか？,人の、人を信じる部分。きれいごとだと言われようと、正しさを信じること。,2.155,18.055,35,short
A028,75,content,Content,content_v1,1,4,Q2. 先ほどの映像の中で、「何が正しい生き方なのか」についてあなたの考えを教えてください。,"正しい生き方というものはそもそもなく、その時々の時機・環境に合わせて正しくなるのだと思う。
たとえば、映像の中ではおそらく貧しい家庭の男が分不相応な女に狂わされ、分不相応な夢を抱いて不幸になったが、たとえば男が結婚する前であったらまた変わっていただろうし、夢を持つことだって男の家庭環境が違ったら悪いことではない。絶対的な正しさはなく、「その場その場に合わせた適切な行動により得られる可能性のある幸福を過不足なくつかむこと」がある意味「正しい」生き方なのだと思う。",6.937,121.51,232,med
A028,76,content,Content,content_v3,3,4,Q2. 先ほどの映像では、登場人物のどのような選択や葛藤が描かれていたと思いますか？,"天下布武という一つの悲願を達成する様々な登場人物が、それぞれの立場によって選択を迫られていると感じた。
武田信玄（影武者）は、信玄という偉大な存在が消えてしまったことを隠し通さなければならない、さもなくば未来はないと考えており、信長は信玄を倒せたのか、倒せていないのならどうやってこの先有利に進めていこうかと悩んでおり、家康は信玄への勝ち目はないが、わずかな確率に賭けて信玄を倒そうと決意していた。",4.351,126.315,199,control
A029,77,content,Content,content_v3,3,4,Q2. 先ほどの映像では、登場人物のどのような選択や葛藤が描かれていたと思いますか？,徳川が織田に協力するかどうかや、武田が強く見せようとする様子。,10.971,56.686,31,short
A029,78,content,Content,content_v2,2,4,Q2. 先ほどの映像は、人のどのような部分を映し出していると思いますか？,積極的な部分と消極的な部分,27.865,26.337,13,control
A029,79,content,Content,content_v1,1,3,Q2. 先ほどの映像の中で、「何が正しい生き方なのか」についてあなたの考えを教えてください。,何をやるにしろ毎日を楽しむこと。,14.61,18.749,16,med
A001,2,inquiry,Inquiry,inquiry_v2,2,2,Q3. 先ほどの映像が描こうとしている最も根本的な問いは何だと思いますか？,時代劇テイストのもので、人の愛や人情についてどのような形があるだろうかという問い描かれているものだと思う。,16.733,49.732,53,short
A001,3,inquiry,Inquiry,inquiry_v2,2,4,Q3. 先ほどの映像が描こうとしている最も根本的な問いは何だと思いますか？,何もせずにただ毎日を過ごすだけの男はいったいどのような感情を持ち、どのような顔をするのだろうかという問い,5.562,27.141,52,med
A001,4,inquiry,Inquiry,inquiry_v1,1,5,Q3. 先ほどの映像の制作者があなたに残した「問い」は何だと思いますか？,欲望にまみれた人間にあなた（視聴者）自身がなっていないだろうか？という問い,7.737,23.04,37,control
A002,5,inquiry,Inquiry,inquiry_v2,2,3,Q3. 先ほどの映像が描こうとしている最も根本的な問いは何だと思いますか？,自分が置かれている状況だけでなく様々な立場を想像して思考することの必要性,6.184,52.21,36,short
A002,6,inquiry,Inquiry,inquiry_v1,1,4,Q3. 先ほどの映像の制作者があなたに残した「問い」は何だと思いますか？,"・地位を守るために何もしないという生き方の是非
・人生において時間をどのように使うか",5.767,140.664,42,med
A002,7,inquiry,Inquiry,inquiry_v3,3,5,Q3. 先ほどの映像を通して、制作者はあなたにどのような「問い」を残しましたか？,社会の問題を解決するために何をすべきか,18.455,29.374,19,control
A003,8,inquiry,Inquiry,inquiry_v3,3,2,Q3. 先ほどの映像を通して、制作者はあなたにどのような「問い」を残しましたか？,"迫力のある戦いの映像を見せることで、制作者が映画に興味をもたせようとしている。
この映画見ませんか？という働きかけ",23.966,248.699,57,short
A003,9,inquiry,Inquiry,inquiry_v1,1,5,Q3. 先ほどの映像の制作者があなたに残した「問い」は何だと思いますか？,流されるがままのつまらない人生で本当に良いのか。,10.673,23.289,24,med
A003,10,inquiry,Inquiry,inquiry_v2,2,3,Q3. 先ほどの映像が描こうとしている最も根本的な問いは何だと思いますか？,主人公が厳しい境遇のなかで生きていくという物語の大筋を見せることで、映画の詳しい内容に興味を持たせている。,8.794,230.838,53,control
A004,11,inquiry,Inquiry,inquiry_v1,1,5,Q3. 先ほどの映像の制作者があなたに残した「問い」は何だと思いますか？,しいて言うなら，動乱の時代を自分なりに生き抜く主人公の姿を描き，視聴者に，何をモチベーションとしてどうやって生きるのかを問うている。,14.835,139.49,66,short
A004,12,inquiry,Inquiry,inquiry_v2,2,3,Q3. 先ほどの映像が描こうとしている最も根本的な問いは何だと思いますか？,目先の欲に気を取られてしまうことは，幸せなのか。,13.191,51.62,24,med
A004,13,inquiry,Inquiry,inquiry_v3,3,2,Q3. 先ほどの映像を通して、制作者はあなたにどのような「問い」を残しましたか？,人を切ることを辞さない者が，赤子を大切にするという一面を持っており，人物像は見方によって変わりうるのではないか，という問い。,9.849,85.93,62,control
A005,14,inquiry,Inquiry,inquiry_v2,2,2,Q3. 先ほどの映像が描こうとしている最も根本的な問いは何だと思いますか？,時代劇がAIで作り出せるのかという問い？正直いうとよくわからない映像で、映像の内容（演技やシーンについて）はあまり頭に入ってきませんでした。すみません。,9.929,145.496,76,short
A005,15,inquiry,Inquiry,inquiry_v3,3,4,Q3. 先ほどの映像を通して、制作者はあなたにどのような「問い」を残しましたか？,人を裏切るということは単純ではなく、登場人物ひとりひとりに何か訳があるのではないか、という問い。,20.732,71.647,48,med
A005,16,inquiry,Inquiry,inquiry_v1,1,4,Q3. 先ほどの映像の制作者があなたに残した「問い」は何だと思いますか？,愛とは何か,3.462,3.464,5,control
A006,17,inquiry,Inquiry,inquiry_v3,3,3,Q3. 先ほどの映像を通して、制作者はあなたにどのような「問い」を残しましたか？,人は等しく幸せになる権利があるはずにもかかわらず、なぜそこに差が生まれ、争いがあるのか,8.194,35.89,43,short
A006,18,inquiry,Inquiry,inquiry_v1,1,4,Q3. 先ほどの映像の制作者があなたに残した「問い」は何だと思いますか？,戦争が国としてではなく、一個人にどれだけ影響し、青春というものが貴重であるということ,7.066,63.016,42,med
A006,19,inquiry,Inquiry,inquiry_v2,2,5,Q3. 先ほどの映像が描こうとしている最も根本的な問いは何だと思いますか？,本当に大事にするべきことを取捨選択して大事にできているのか,11.531,35.135,29,control
A007,20,inquiry,Inquiry,inquiry_v2,2,2,Q3. 先ほどの映像が描こうとしている最も根本的な問いは何だと思いますか？,侍という時代劇映画のプロモーション,8.963,13.897,17,short
A007,21,inquiry,Inquiry,inquiry_v1,1,3,Q3. 先ほどの映像の制作者があなたに残した「問い」は何だと思いますか？,なにが正しくて、なにが間違っているかはその時々で異なり一瞬で判断を求められるが、それは難しいということ。,8.211,52.548,52,med
A007,22,inquiry,Inquiry,inquiry_v2,2,2,Q3. 先ほどの映像が描こうとしている最も根本的な問いは何だと思いますか？,女性を巡って様々な男の思いが交錯する様子。,5.0,26.134,21,control
A008,23,inquiry,Inquiry,inquiry_v1,1,5,Q3. 先ほどの映像の制作者があなたに残した「問い」は何だと思いますか？,全体的にモノクロで同時の世界観がリアルに再現していると思う。そこで本当に自分の欲望と自分の大切なものを掛け合うときにどちらがより重要なのか考えさせられるような気がした,9.447,95.021,83,short
A008,24,inquiry,Inquiry,inquiry_v2,2,2,Q3. 先ほどの映像が描こうとしている最も根本的な問いは何だと思いますか？,侍の存続と身内内での裏切り者による陰謀にどう対処するか,9.905,60.106,27,med
A008,25,inquiry,Inquiry,inquiry_v3,3,3,Q3. 先ほどの映像を通して、制作者はあなたにどのような「問い」を残しましたか？,切腹をする時代についての物語だと思うが正直あまりわからなかった。全体的には戦国時代の日常について考えさせられた。,27.659,82.524,56,control
A009,26,inquiry,Inquiry,inquiry_v2,2,5,Q3. 先ほどの映像が描こうとしている最も根本的な問いは何だと思いますか？,人間の不合理さと家族の愛情,4.688,17.151,13,short
A009,27,inquiry,Inquiry,inquiry_v1,1,2,Q3. 先ほどの映像の制作者があなたに残した「問い」は何だと思いますか？,和の精神は西洋分化が流入してきた現在でも大切か,8.005,29.735,23,med
A009,28,inquiry,Inquiry,inquiry_v2,2,4,Q3. 先ほどの映像が描こうとしている最も根本的な問いは何だと思いますか？,人間関係の難しさ。,3.744,10.458,9,control
A010,29,inquiry,Inquiry,inquiry_v3,3,2,Q3. 先ほどの映像を通して、制作者はあなたにどのような「問い」を残しましたか？,慎ましく暮らすのか、冒険をするのか、どちらの方が人生において素晴らしいのか。,3.68,26.813,38,short
A010,30,inquiry,Inquiry,inquiry_v1,1,3,Q3. 先ほどの映像の制作者があなたに残した「問い」は何だと思いますか？,本当に何もしていない人は存在するのか。そう見えているだけで皆、何かを考えて葛藤しているのではということ,4.066,26.033,51,med
A010,31,inquiry,Inquiry,inquiry_v2,2,2,Q3. 先ほどの映像が描こうとしている最も根本的な問いは何だと思いますか？,ちょっとした幸せを暗い人生の中にも見つけていく大切さ、そして今の世の中がいかに平和で素晴らしいものかについて。,3.832,44.55,55,control
A011,32,inquiry,Inquiry,inquiry_v3,3,5,Q3. 先ほどの映像を通して、制作者はあなたにどのような「問い」を残しましたか？,人はどのような精神を持って生きるべきか。,6.198,31.668,20,short
A011,33,inquiry,Inquiry,inquiry_v1,1,2,Q3. 先ほどの映像の制作者があなたに残した「問い」は何だと思いますか？,人が大事にすべきなのは「本能」か「理性」か。,7.021,34.128,22,med
A011,34,inquiry,Inquiry,inquiry_v2,2,3,Q3. 先ほどの映像が描こうとしている最も根本的な問いは何だと思いますか？,人間の持つ推進力、野望へと突き進む豪胆さがもたらすものは何か。,25.594,61.459,31,control
A012,35,inquiry,Inquiry,inquiry_v1,1,3,Q3. 先ほどの映像の制作者があなたに残した「問い」は何だと思いますか？,愛のために自分の何を捨てられるのか。,6.515,33.952,18,short
A012,36,inquiry,Inquiry,inquiry_v2,2,2,Q3. 先ほどの映像が描こうとしている最も根本的な問いは何だと思いますか？,家族や仲間を大切にするために正義を貫く,24.226,41.454,19,med
A012,37,inquiry,Inquiry,inquiry_v3,3,4,Q3. 先ほどの映像を通して、制作者はあなたにどのような「問い」を残しましたか？,何かにかける情熱があってこそ人間として生まれた意味があるのではないか。,21.516,59.374,35,control
A013,38,inquiry,Inquiry,inquiry_v2,2,3,Q3. 先ほどの映像が描こうとしている最も根本的な問いは何だと思いますか？,戦時中、どう生きていくのが正解か。,11.761,80.754,17,short
A013,39,inquiry,Inquiry,inquiry_v3,3,4,Q3. 先ほどの映像を通して、制作者はあなたにどのような「問い」を残しましたか？,この先、続きの動画を見たくなるかについて。,15.345,18.875,21,med
A013,40,inquiry,Inquiry,inquiry_v1,1,4,Q3. 先ほどの映像の制作者があなたに残した「問い」は何だと思いますか？,武士とはどうあるべきか。,19.835,9.755,12,control
A015,41,inquiry,Inquiry,inquiry_v1,1,4,Q3. 先ほどの映像の制作者があなたに残した「問い」は何だと思いますか？,自分の価値観、考えを貫いた生き方はどれだけ難しいか,14.153,14.286,25,short
A015,42,inquiry,Inquiry,inquiry_v2,2,2,Q3. 先ほどの映像が描こうとしている最も根本的な問いは何だと思いますか？,どんな状況でも忘れてはいけない、人としてのあるべき姿,11.49,22.98,26,med
A015,43,inquiry,Inquiry,inquiry_v3,3,5,Q3. 先ほどの映像を通して、制作者はあなたにどのような「問い」を残しましたか？,戦争中は何も戦うだけじゃない。我々の生活の上に特殊な「戦争」というものがある以上、日常的な部分もある、という問い,1.995,57.828,56,control
A016,44,inquiry,Inquiry,inquiry_v2,2,3,Q3. 先ほどの映像が描こうとしている最も根本的な問いは何だと思いますか？,人と人は互いに赦しあっている。,17.001,24.967,15,short
A016,45,inquiry,Inquiry,inquiry_v3,3,2,Q3. 先ほどの映像を通して、制作者はあなたにどのような「問い」を残しましたか？,どんな絶望的な状況でも人は生きがいを必要としているのではないかという問い,43.316,23.982,36,med
A016,46,inquiry,Inquiry,inquiry_v1,1,2,Q3. 先ほどの映像の制作者があなたに残した「問い」は何だと思いますか？,人生を死ぬまでの暇つぶしと思わずに、自分の人生を生きるべき,11.893,38.165,29,control
A018,47,inquiry,Inquiry,inquiry_v2,2,3,Q3. 先ほどの映像が描こうとしている最も根本的な問いは何だと思いますか？,夫婦の愛について。,6.955,6.51,9,short
A018,48,inquiry,Inquiry,inquiry_v1,1,5,Q3. 先ほどの映像の制作者があなたに残した「問い」は何だと思いますか？,なぜ女性はこんなに悲劇的な人生を送ることになったのか。,7.413,29.622,27,med
A018,49,inquiry,Inquiry,inquiry_v3,3,3,Q3. 先ほどの映像を通して、制作者はあなたにどのような「問い」を残しましたか？,守るもの（子ども）がいるとき、昔の信条を守る必要があるのか。,7.597,34.703,30,control
A019,50,inquiry,Inquiry,inquiry_v2,2,5,Q3. 先ほどの映像が描こうとしている最も根本的な問いは何だと思いますか？,忠誠心,3.929,3.239,3,short
A019,51,inquiry,Inquiry,inquiry_v3,3,4,Q3. 先ほどの映像を通して、制作者はあなたにどのような「問い」を残しましたか？,自分の道を歩むにはどうしたらよいかという問い,9.741,33.164,22,med
A019,52,inquiry,Inquiry,inquiry_v1,1,5,Q3. 先ほどの映像の制作者があなたに残した「問い」は何だと思いますか？,人間はなぜ恋するのか,5.979,24.918,10,control
A020,53,inquiry,Inquiry,inquiry_v2,2,3,Q3. 先ほどの映像が描こうとしている最も根本的な問いは何だと思いますか？,怠惰かつ傲慢である現代人の有様を再度問いただす,11.632,34.602,23,short
A020,54,inquiry,Inquiry,inquiry_v1,1,3,Q3. 先ほどの映像の制作者があなたに残した「問い」は何だと思いますか？,目指すべきとされる場所は本当に幸せに溢れているのか。,8.441,14.271,26,med
A020,55,inquiry,Inquiry,inquiry_v3,3,2,Q3. 先ほどの映像を通して、制作者はあなたにどのような「問い」を残しましたか？,問いはわからなかった,18.156,4.483,10,control
A021,56,inquiry,Inquiry,inquiry_v1,1,3,Q3. 先ほどの映像の制作者があなたに残した「問い」は何だと思いますか？,人に平等に接することとはどういうことなのかということだと思った。,19.62,50.296,32,short
A021,57,inquiry,Inquiry,inquiry_v3,3,5,Q3. 先ほどの映像を通して、制作者はあなたにどのような「問い」を残しましたか？,「誘惑に溺れると人やその周囲の人間はどうなるのか」という問いを残したと私は解釈した。,8.988,83.078,42,med
A021,58,inquiry,Inquiry,inquiry_v2,2,4,Q3. 先ほどの映像が描こうとしている最も根本的な問いは何だと思いますか？,「生きる」ということはどういうことなのかということだと思った。,3.349,25.501,31,control
A022,59,inquiry,Inquiry,inquiry_v2,2,4,Q3. 先ほどの映像が描こうとしている最も根本的な問いは何だと思いますか？,あまりよく分からなかった。この時代のそれぞれの立場の中で考える正しさや信念が存在するが、それらはどれが正解なのかという単純な疑問では片づけられないものなのではないか。,11.494,169.177,83,short
A022,60,inquiry,Inquiry,inquiry_v3,3,3,Q3. 先ほどの映像を通して、制作者はあなたにどのような「問い」を残しましたか？,戦いを自身の役割としていない一市民にとって戦争とは何だったのか。,5.776,42.599,32,med
A022,61,inquiry,Inquiry,inquiry_v1,1,3,Q3. 先ほどの映像の制作者があなたに残した「問い」は何だと思いますか？,信玄の死の結果、周囲の人物がどのように考えて、その状況を乗りこなすか。その中での、武田信玄の影武者がどのように立ち回ったか。同時に、この作中の武田信玄とは皆にとって何者だったのか。,23.904,142.082,90,control
A023,62,inquiry,Inquiry,inquiry_v1,1,5,Q3. 先ほどの映像の制作者があなたに残した「問い」は何だと思いますか？,どんな環境でも楽しみを見つけて今を生きることの大切さみたいなものと感じました。,6.957,48.009,39,short
A023,63,inquiry,Inquiry,inquiry_v3,3,3,Q3. 先ほどの映像を通して、制作者はあなたにどのような「問い」を残しましたか？,感情に訴えかけるようなものは正直何もなく、物理的に「どこで撮影されたものなんだろう」という問いが残りました。,21.795,80.855,54,med
A023,64,inquiry,Inquiry,inquiry_v2,2,2,Q3. 先ほどの映像が描こうとしている最も根本的な問いは何だと思いますか？,その時代の中で生きるにはどういう選択が必要かを問われている気がしました。,33.486,55.945,36,control
A024,65,inquiry,Inquiry,inquiry_v2,2,3,Q3. 先ほどの映像が描こうとしている最も根本的な問いは何だと思いますか？,慈悲を忘れては人ではない。情けを大事にするべきだ。,2.532,26.2,25,short
A024,66,inquiry,Inquiry,inquiry_v3,3,4,Q3. 先ほどの映像を通して、制作者はあなたにどのような「問い」を残しましたか？,人生において、何かを成し遂げていくことが大事だ。ただ何もせずぼーっと生きているだけでは自分を見失ってしまうから、自分にとて大事にしたいものや目的を探して見つけることができるかという人生の大きな問い。,5.075,74.008,99,med
A024,67,inquiry,Inquiry,inquiry_v1,1,4,Q3. 先ほどの映像の制作者があなたに残した「問い」は何だと思いますか？,自分の命を削ってでも、守りたい何かはあるか、という問い。,11.772,13.162,28,control
A025,68,inquiry,Inquiry,inquiry_v2,2,5,Q3. 先ほどの映像が描こうとしている最も根本的な問いは何だと思いますか？,昔からドロドロする恋愛はあって、家族がいるのにそう不倫みたいになる人とならない人の違い,6.683,81.433,43,short
A025,69,inquiry,Inquiry,inquiry_v3,3,3,Q3. 先ほどの映像を通して、制作者はあなたにどのような「問い」を残しましたか？,突然カメラ監督が映った。何が現実なのか考えさせる,3.242,46.992,24,med
A025,70,inquiry,Inquiry,inquiry_v1,1,2,Q3. 先ほどの映像の制作者があなたに残した「問い」は何だと思いますか？,侍の終わり方。歴史と絡めてどのように生きるか,2.633,82.934,22,control
A027,71,inquiry,Inquiry,inquiry_v1,1,4,Q3. 先ほどの映像の制作者があなたに残した「問い」は何だと思いますか？,誇りをもって生きることはどれほど大切だろうか、というもの。,16.641,64.967,29,short
A027,72,inquiry,Inquiry,inquiry_v3,3,4,Q3. 先ほどの映像を通して、制作者はあなたにどのような「問い」を残しましたか？,社会の中でどう生きるのが正解か、正解はそもそもあるのか,16.214,19.76,27,med
A027,73,inquiry,Inquiry,inquiry_v2,2,3,Q3. 先ほどの映像が描こうとしている最も根本的な問いは何だと思いますか？,ままならな世の中でどう自分を保って生きていくか,5.222,16.204,23,control
A028,74,inquiry,Inquiry,inquiry_v3,3,4,Q3. 先ほどの映像を通して、制作者はあなたにどのような「問い」を残しましたか？,おのれの中の信念は、倫理は何か。,5.436,6.225,16,short
A028,75,inquiry,Inquiry,inquiry_v2,2,2,Q3. 先ほどの映像が描こうとしている最も根本的な問いは何だと思いますか？,"人間にとって幸福は何かということだと思う。
欲望のままに堕ちていく男とそんな男に振り回され同じく不幸に身を落とす女を描いているが、男は一時の幸福を（おそらく）味わった。夢も見た。それを追いかけると決意するとしかし、不幸が身を襲う。ならば、どうあるのが幸せなのだろうか？",2.062,89.144,134,med
A028,76,inquiry,Inquiry,inquiry_v1,1,3,Q3. 先ほどの映像の制作者があなたに残した「問い」は何だと思いますか？,"私が、歴史の余白を楽しめる人間であるかどうか。
フィクションであることを受け入れ、そのうえで想像力を働かせることができるかどうかを問うていると思った。",11.39,31.032,75,control
A029,77,inquiry,Inquiry,inquiry_v1,1,3,Q3. 先ほどの映像の制作者があなたに残した「問い」は何だと思いますか？,武田と戦ってどうなったか,5.968,28.329,12,short
A029,78,inquiry,Inquiry,inquiry_v3,3,5,Q3. 先ほどの映像を通して、制作者はあなたにどのような「問い」を残しましたか？,未来の予測,77.275,6.05699999999999,5,control
A029,79,inquiry,Inquiry,inquiry_v3,3,4,Q3. 先ほどの映像を通して、制作者はあなたにどのような「問い」を残しましたか？,自分との生活を比べて、どのように感じるか,11.564,35.527,20,med
A001,2,emotion,Emotion,emotion_v1,1,3,Q4. 先ほどの映像を観た後、あなたは最後にどのような感情が残りましたか？ 経緯を追って説明してください。,映像が荒く、見づらいなと思った。また、こういう映像を祖父が見ていたことを思い出し、懐かしむ気持ちになった。,7.92,56.361,53,short
A001,3,emotion,Emotion,emotion_v2,2,3,Q4. 「心が動く」とは、それまでの自分の見方や感じ方が揺さぶられる現象とも言えます。そのような揺らぎは、あなたの内側でどのような変化として現れると思いますか？,自分の価値観に影響を及ぼし、今後の人生の様々な選択、その基準などに大きな変化をもたらすと思う。,6.013,47.788,47,med
A001,4,emotion,Emotion,emotion_v1,1,4,Q4. 先ほどの映像を観た後、あなたは最後にどのような感情が残りましたか？ 経緯を追って説明してください。,初めに出てきた安定した生活を望む奥さんがかわいそうだなという感情,2.612,23.242,32,control
A002,5,emotion,Emotion,emotion_v2,2,4,Q4. 「心が動く」とは、それまでの自分の見方や感じ方が揺さぶられる現象とも言えます。そのような揺らぎは、あなたの内側でどのような変化として現れると思いますか？,心が動く前と後とで、習慣や言動、発想等を意識的に変えていこうとする考えに至ること,13.604,198.404,40,short
A002,6,emotion,Emotion,emotion_v1,1,3,Q4. 先ほどの映像を観た後、あなたは最後にどのような感情が残りましたか？ 経緯を追って説明してください。,男性の一連の行動を追う中で、目的や目標なく何もしないでただ漫然と過ごすというのも楽ではなく、自由は却って人を束縛するものでもあるように感じた。もやもやとした感情が残ると同時に、人生における時間の使い方の軸について今一度立ち返ろうという気持ちにもなった。,18.758,219.69,126,med
A002,7,emotion,Emotion,emotion_v3,3,2,Q4. 先ほどの映像を観ている間に、あなたの気持ちはどのように変化しましたか？ 印象に残った場面とあわせて説明してください。,誰もが人間らしく暮らせる世の中であってほしい、という旨のセリフが印象に残り、この点は映像の時代のみならず現代にも通ずることであると感じた。,16.205,192.166,69,control
A003,8,emotion,Emotion,emotion_v3,3,3,Q4. 先ほどの映像を観ている間に、あなたの気持ちはどのように変化しましたか？ 印象に残った場面とあわせて説明してください。,"俳優の名前が出てきたところで、昔はこんな俳優がいたんだな―と思った。
最後の場面で、二人の侍が向き合って長い間動いていなかったので、この戦いがどう展開されていくのか興味を持った。",24.982,112.273,89,short
A003,9,emotion,Emotion,emotion_v2,2,4,Q4. 「心が動く」とは、それまでの自分の見方や感じ方が揺さぶられる現象とも言えます。そのような揺らぎは、あなたの内側でどのような変化として現れると思いますか？,自分の夢や目標，熱中していること，人生の指針に修正や変更を加えるという変化。,25.782,270.773,38,med
A003,10,emotion,Emotion,emotion_v1,1,2,Q4. 先ほどの映像を観た後、あなたは最後にどのような感情が残りましたか？ 経緯を追って説明してください。,主人公が幼い頃に父と別れ、父の最後の言葉を胸に生きていく映画であると想像し、具体的に主人公がどのように生きていくのか、どこで父の言葉が効いてくるのかが気になった。,17.087,179.496,81,control
A004,11,emotion,Emotion,emotion_v1,1,3,Q4. 先ほどの映像を観た後、あなたは最後にどのような感情が残りましたか？ 経緯を追って説明してください。,まず，昔の映像特有の画質の粗さが気になった。時代劇的な作品は嫌いではないし，先ほどまで見ていたショート動画と比べると内容の質が高いので，集中して視聴していたと思う。作品を見たいとまでは思わなかったが，それなりに面白い作品ではあるのだろうなと考えた。,9.096,145.919,124,short
A004,12,emotion,Emotion,emotion_v2,2,2,Q4. 「心が動く」とは、それまでの自分の見方や感じ方が揺さぶられる現象とも言えます。そのような揺らぎは、あなたの内側でどのような変化として現れると思いますか？,ある一つのものに対して抱いていた感情や考えが，「心が動く」体験を機に一転するという変化。,15.1,86.602,44,med
A004,13,emotion,Emotion,emotion_v3,3,4,Q4. 先ほどの映像を観ている間に、あなたの気持ちはどのように変化しましたか？ 印象に残った場面とあわせて説明してください。,切腹を迫られているときは抵抗するのに対し，おそらく一騎打ちの場面ではひるんだ様子を見せておらず，この主人公は命が惜しいわけではなく，プライドを持って行動しているのかなと思った。,3.015,98.963,88,control
A005,14,emotion,Emotion,emotion_v1,1,3,Q4. 先ほどの映像を観た後、あなたは最後にどのような感情が残りましたか？ 経緯を追って説明してください。,最後に切腹という字が出てきたので、唐突ですこし面白く感じた。音楽のボリュームがセリフと比較してうるさく、メロディーやリズムも不気味に感じたので、映像と音楽の関係は思っていたより大事なんだなと思いました。,4.149,106.01,101,short
A005,15,emotion,Emotion,emotion_v3,3,3,Q4. 先ほどの映像を観ている間に、あなたの気持ちはどのように変化しましたか？ 印象に残った場面とあわせて説明してください。,印象に残った場面はは役者名がたくさん出てくるところ。豪華なキャスティングを想定しているのかなと思い、みてみたいな、と思えた。1つめの予告（ショート動画後）は英語字幕以外の文字情報がほぼなかったので、新鮮であった。,13.448,97.272,106,med
A005,16,emotion,Emotion,emotion_v2,2,2,Q4. 「心が動く」とは、それまでの自分の見方や感じ方が揺さぶられる現象とも言えます。そのような揺らぎは、あなたの内側でどのような変化として現れると思いますか？,考え方が変わる、心拍数が上がる、涙がでる、など,14.261,58.002,23,control
A006,17,emotion,Emotion,emotion_v2,2,5,Q4. 「心が動く」とは、それまでの自分の見方や感じ方が揺さぶられる現象とも言えます。そのような揺らぎは、あなたの内側でどのような変化として現れると思いますか？,考え方や感情に変化が生じ、行動が変わっていく。,10.485,67.569,23,short
A006,18,emotion,Emotion,emotion_v3,3,3,Q4. 先ほどの映像を観ている間に、あなたの気持ちはどのように変化しましたか？ 印象に残った場面とあわせて説明してください。,海軍が残していった食糧を見たときに、その中身が手榴弾であったという場面を見て、少しの喜びの大切さとそれを踏み躙らないことが大切であると感じた。,10.671,103.245,71,med
A006,19,emotion,Emotion,emotion_v1,1,2,Q4. 先ほどの映像を観た後、あなたは最後にどのような感情が残りましたか？ 経緯を追って説明してください。,初めはただの愛に関する映画だと感じた。途中から徐々に愛のために全て捨てる覚悟を感じ始めた。最後には、身の回りの人をまず大切にすることが大切だと感じた。,15.995,98.637,75,control
A007,20,emotion,Emotion,emotion_v1,1,3,Q4. 先ほどの映像を観た後、あなたは最後にどのような感情が残りましたか？ 経緯を追って説明してください。,あまり映画自体の細かなディテールは映像を通してわからず(映像で言及された内容が分からなかった)、困惑した感情。,6.604,62.265,55,short
A007,21,emotion,Emotion,emotion_v1,1,4,Q4. 先ほどの映像を観た後、あなたは最後にどのような感情が残りましたか？ 経緯を追って説明してください。,戦国時代の世で１人の人生を追体験するうちに、悲壮感のような思いが残った。,8.273,56.531,36,med
A007,22,emotion,Emotion,emotion_v3,3,3,Q4. 先ほどの映像を観ている間に、あなたの気持ちはどのように変化しましたか？ 印象に残った場面とあわせて説明してください。,「大奥に戻ってほしい」と懇願する男に対して、それを拒否する男がいるシーンで、対抗する2人の姿に引き込まれた。,4.109,75.712,54,control
A008,23,emotion,Emotion,emotion_v3,3,4,Q4. 先ほどの映像を観ている間に、あなたの気持ちはどのように変化しましたか？ 印象に残った場面とあわせて説明してください。,怖い気持ちになった。特に日本刀で殺そうとしている描写が記憶に残った,15.339,37.431,33,short
A008,24,emotion,Emotion,emotion_v1,1,3,Q4. 先ほどの映像を観た後、あなたは最後にどのような感情が残りましたか？ 経緯を追って説明してください。,侍にはなりたくないのかなと思った後に、侍として斬っているような描写が映り、覚悟を決めたのかなと思った。,11.966,78.094,51,med
A008,25,emotion,Emotion,emotion_v2,2,2,Q4. 「心が動く」とは、それまでの自分の見方や感じ方が揺さぶられる現象とも言えます。そのような揺らぎは、あなたの内側でどのような変化として現れると思いますか？,程度によってはこれから先の人生の生き方を変えるような変化もあるかもしれないが基本的に小さいことから意識することが多い気がする,19.173,86.15,62,control
A009,26,emotion,Emotion,emotion_v2,2,4,Q4. 「心が動く」とは、それまでの自分の見方や感じ方が揺さぶられる現象とも言えます。そのような揺らぎは、あなたの内側でどのような変化として現れると思いますか？,自分の根本の価値観が刺激され、変わること,9.152,16.854,20,short
A009,27,emotion,Emotion,emotion_v3,3,3,Q4. 先ほどの映像を観ている間に、あなたの気持ちはどのように変化しましたか？ 印象に残った場面とあわせて説明してください。,侍の存亡がかかっているというシーンで、侍としてのプライドのようなものを感じ、心を打たれた。,61.828,38.155,45,med
A009,28,emotion,Emotion,emotion_v1,1,2,Q4. 先ほどの映像を観た後、あなたは最後にどのような感情が残りましたか？ 経緯を追って説明してください。,主人公の男は不倫をしており、妻を悲しませていた。悲しい気持ちになった。,14.46,34.859,35,control
A010,29,emotion,Emotion,emotion_v2,2,4,Q4. 「心が動く」とは、それまでの自分の見方や感じ方が揺さぶられる現象とも言えます。そのような揺らぎは、あなたの内側でどのような変化として現れると思いますか？,自分の知らなかった世界を知れるようになることで、今後自分が行動したり新しい知り合いと出会うときに考えてみようと思ったりすること,5.586,31.766,63,short
A010,30,emotion,Emotion,emotion_v1,1,5,Q4. 先ほどの映像を観た後、あなたは最後にどのような感情が残りましたか？ 経緯を追って説明してください。,虚しさを感じたのと、今も現代でも仕事人の姿勢のようなものがあまり変わっていないのだなと感心した。多分気難しそうなインターン先の上司も映画と似たような感じの心のうちだと思ったため。,2.213,46.87,89,med
A010,31,emotion,Emotion,emotion_v3,3,4,Q4. 先ほどの映像を観ている間に、あなたの気持ちはどのように変化しましたか？ 印象に残った場面とあわせて説明してください。,ひめゆり隊の話は文献等で読んだことはあったが、実際に私よりも若い女の子たちが生きている様子を見ると悲しい気持ちになった。特に死んでしまった恋人？の腕をさするシーンが、本来ならば普通に恋していい年齢でもあるはずなのにできず悲しかった。,3.154,68.446,116,control
A011,32,emotion,Emotion,emotion_v3,3,2,Q4. 先ほどの映像を観ている間に、あなたの気持ちはどのように変化しましたか？ 印象に残った場面とあわせて説明してください。,父親が娘との（おそらく）今生の別れのシーンにて、人として大事な心のありようを解く場面が印象に残った。この場面の視聴を経て、特に感情移入していなかった家族に対し、かわいそうだという気持ちを覚えた。,23.123,137.937,97,short
A011,33,emotion,Emotion,emotion_v1,1,3,Q4. 先ほどの映像を観た後、あなたは最後にどのような感情が残りましたか？ 経緯を追って説明してください。,主人公の男が出世や妻以外の女性に目がくらむシーンなどを見て、欲望を前にした男が、尽くしてくれる妻を裏切ることになるのか、また主人公の洗濯の末に得られるものが当初望んだ名声なのか、あるいは多くを失うのかが気になった。,12.774,121.448,107,med
A011,34,emotion,Emotion,emotion_v2,2,2,Q4. 「心が動く」とは、それまでの自分の見方や感じ方が揺さぶられる現象とも言えます。そのような揺らぎは、あなたの内側でどのような変化として現れると思いますか？,自分の見方感じ方が変化すれば、物事の意思決定も変化する。「心が動いた」後の意思決定の場面で、自分の内側で思考するプロセスが変化すると思う。（今まで考えなかったことを考えるなど）,17.323,102.884,88,control
A012,35,emotion,Emotion,emotion_v3,3,4,Q4. 先ほどの映像を観ている間に、あなたの気持ちはどのように変化しましたか？ 印象に残った場面とあわせて説明してください。,冒頭の「大奥に戻れ」といった後にお互いが離れることを第三者に誓わされていたシーンはかわいそうだなと思った。しかし、全体を通して大きく気持ちは変化しなかった。,6.092,91.445,78,short
A012,36,emotion,Emotion,emotion_v2,2,3,Q4. 「心が動く」とは、それまでの自分の見方や感じ方が揺さぶられる現象とも言えます。そのような揺らぎは、あなたの内側でどのような変化として現れると思いますか？,今までの日常が当たり前でなくなる感覚として現れる。自分の日常の捉え方が少し変わる。,17.841,75.369,41,med
A012,37,emotion,Emotion,emotion_v1,1,2,Q4. 先ほどの映像を観た後、あなたは最後にどのような感情が残りましたか？ 経緯を追って説明してください。,ハッピーバースで―の曲が流れたとき、はじめは誕生日シーンの一部かと思ったが、生きるというタイトルが表示されたときに、生きる意味について、生まれた瞬間から問うていることを表現したBGMと気づいた。ここでこの映画について、「生きる楽しさ」という成人後にスポットを当てた話だけではなく、生まれた瞬間からフォーカスされることで、より広い、「人間として生まれた意味・命」について考えさせられるのだと思い、面白そうだとワクワクした。,25.684,302.984,210,control
A013,38,emotion,Emotion,emotion_v3,3,4,Q4. 先ほどの映像を観ている間に、あなたの気持ちはどのように変化しましたか？ 印象に残った場面とあわせて説明してください。,戦時中、女性が外国の男性に性的搾取されることの残忍さを目の当たりにして、あらためて戦争はタブーに感じた。,23.622,153.586,52,short
A013,39,emotion,Emotion,emotion_v1,1,3,Q4. 先ほどの映像を観た後、あなたは最後にどのような感情が残りましたか？ 経緯を追って説明してください。,過去の戦国時代の大名がどのような関係性だったのか、想像をかきたてられた。,18.715,147.811,36,med
A013,40,emotion,Emotion,emotion_v2,2,3,Q4. 「心が動く」とは、それまでの自分の見方や感じ方が揺さぶられる現象とも言えます。そのような揺らぎは、あなたの内側でどのような変化として現れると思いますか？,今までの自分の言動を変えたり、その動機のきっかけになる可能性がある。,51.869,87.008,34,control
A015,41,emotion,Emotion,emotion_v2,2,5,Q4. 「心が動く」とは、それまでの自分の見方や感じ方が揺さぶられる現象とも言えます。そのような揺らぎは、あなたの内側でどのような変化として現れると思いますか？,他人に対する接し方はもちろん、自分に対する考え方が変わる形として現れると思う。例えば人のダメなところも許容しよう、という内容の映画に感銘を受けたら、他人の「ん？」と思うようなところでも「そういうところもあるよね」と許容するようになると同時に、自分のダメなところもある程度は許容してあげよう、と思うようになると思う。,21.011,128.544,157,short
A015,42,emotion,Emotion,emotion_v1,1,5,Q4. 先ほどの映像を観た後、あなたは最後にどのような感情が残りましたか？ 経緯を追って説明してください。,"映像を見始めた直後は白黒の時代劇映画で古めの作品か、と考えていたが、映像を見終わったあとは映像終盤にあった「山椒大夫」の文字から、「あの有名な山椒大夫って映像化されていたんだ」という知見が思考の大半を支配していた。
感情的には新たな知識を得た、知識欲が満たされた「喜び」というものが近いと思う。",14.636,180.322,147,med
A015,43,emotion,Emotion,emotion_v3,3,4,Q4. 先ほどの映像を観ている間に、あなたの気持ちはどのように変化しましたか？ 印象に残った場面とあわせて説明してください。,戦火に追われたり、戦いに対して決起している姿を見た時は「昔は大変だったんだよな」と再確認していたが、卒業式やちょっとしたリフレッシュ時間などのシーンでは「戦時中の彼女たちにも日常はあったんだな」と、今まで考えなかったことを考えさせられ、知見が広がった。,22.278,117.377,126,control
A016,44,emotion,Emotion,emotion_v2,2,5,Q4. 「心が動く」とは、それまでの自分の見方や感じ方が揺さぶられる現象とも言えます。そのような揺らぎは、あなたの内側でどのような変化として現れると思いますか？,自分が何かを選択するうえでの指針となって現れる。,6.587,26.4,24,short
A016,45,emotion,Emotion,emotion_v3,3,5,Q4. 先ほどの映像を観ている間に、あなたの気持ちはどのように変化しましたか？ 印象に残った場面とあわせて説明してください。,卒業式が開かれるということに女子生徒が喜んでいた場面を見て、苦しむことと何かを楽しむことは別なことなのではないかと思うようになった。,29.108,124.748,66,med
A016,46,emotion,Emotion,emotion_v1,1,4,Q4. 先ほどの映像を観た後、あなたは最後にどのような感情が残りましたか？ 経緯を追って説明してください。,前半はずっと同じことを言っていたのですこしつまらなかった。後半はなんとなく内容がつかめてきたので退屈さが減った。,15.907,75.01,56,control
A018,47,emotion,Emotion,emotion_v2,2,2,Q4. 「心が動く」とは、それまでの自分の見方や感じ方が揺さぶられる現象とも言えます。そのような揺らぎは、あなたの内側でどのような変化として現れると思いますか？,一度見聞きしたものが印象に残って忘れることができなくなると思う。,25.355,28.464,32,short
A018,48,emotion,Emotion,emotion_v3,3,3,Q4. 先ほどの映像を観ている間に、あなたの気持ちはどのように変化しましたか？ 印象に残った場面とあわせて説明してください。,画面右上に出ている年から、意外と最近の映画なのかと思った。誘惑する女性が出ている場面では、このビジュアルが誘惑する女性として出てくることに驚きを覚えた。あとは全体を通して、この年に上映される映画でも、時代劇？だとこんな古めかしい感じになるんだな（文字がちょくちょく旧字だったり）と思った。,13.101,107.466,144,med
A018,49,emotion,Emotion,emotion_v1,1,4,Q4. 先ほどの映像を観た後、あなたは最後にどのような感情が残りましたか？ 経緯を追って説明してください。,最初はまた時代劇なのかと思いつつ、英語字幕ということに驚く。切腹する場面で急に斬りかかったところまでは、なんとなく一連の流れなのだと分かったが、その後の家で赤ちゃんを抱くシーンや一瞬映った撮影カメラのクレーン、最後の原っぱで対峙しているシーンがどのようなつながりで出てきているのかわからず、困惑した。最後にタイトルが出て、そのタイトルなら見せたいシーンは最初の方にすでに出ていたのでは？という疑問が残り、後半からはずっと困惑が残っていた。,9.496,171.119,219,control
A019,50,emotion,Emotion,emotion_v3,3,3,Q4. 先ほどの映像を観ている間に、あなたの気持ちはどのように変化しましたか？ 印象に残った場面とあわせて説明してください。,信玄が死んだはずなのにいるという場面。歴史的には信玄は織田に負けるが、幻の信玄という字幕を見て信玄が勝つかもしれないと感じ興奮した。,9.131,84.656,66,short
A019,51,emotion,Emotion,emotion_v1,1,3,Q4. 先ほどの映像を観た後、あなたは最後にどのような感情が残りましたか？ 経緯を追って説明してください。,最初は白黒で古い映画なのだなと思った。その後主人公は生粋の侍のように生きており、最強の存在なのかなと思った。面白そうな映画だとは思わなかった。,12.007,177.167,71,med
A019,52,emotion,Emotion,emotion_v2,2,2,Q4. 「心が動く」とは、それまでの自分の見方や感じ方が揺さぶられる現象とも言えます。そのような揺らぎは、あなたの内側でどのような変化として現れると思いますか？,嫌いまたは好きだったものがそ心が動くことでその反対になる。感動して涙が出る。,10.14,56.496,38,control
A020,53,emotion,Emotion,emotion_v1,1,2,Q4. 先ほどの映像を観た後、あなたは最後にどのような感情が残りましたか？ 経緯を追って説明してください。,幼い頃から父と離れ、しかも、その瞬間を目の当たりにした上に深く心に刻まれている有様を憐れむ感情,48.949,36.692,47,short
A020,54,emotion,Emotion,emotion_v2,2,5,Q4. 「心が動く」とは、それまでの自分の見方や感じ方が揺さぶられる現象とも言えます。そのような揺らぎは、あなたの内側でどのような変化として現れると思いますか？,新たな視点が増え、異質なものに対する解像度が上がる。,23.386,35.656,26,med
A020,55,emotion,Emotion,emotion_v3,3,3,Q4. 先ほどの映像を観ている間に、あなたの気持ちはどのように変化しましたか？ 印象に残った場面とあわせて説明してください。,殺陣の時に鳴っているであろう音と鳴っている音が乖離しすぎていて、音と映像の連動と、思想とのジレンマを感じた,33.212,46.999,53,control
A021,56,emotion,Emotion,emotion_v1,1,4,Q4. 先ほどの映像を観た後、あなたは最後にどのような感情が残りましたか？ 経緯を追って説明してください。,父の言葉を忘れてはいけないというのがどうしてだろうと疑問に残った。あまり映像の内容を理解できなかったが、映像の終盤で人々が苦悶の表情を浮かべている姿が印象的であったため、情けをかけて生きるとはどういうことなのかと気になった。,9.574,159.407,112,short
A021,57,emotion,Emotion,emotion_v2,2,2,Q4. 「心が動く」とは、それまでの自分の見方や感じ方が揺さぶられる現象とも言えます。そのような揺らぎは、あなたの内側でどのような変化として現れると思いますか？,映画の舞台背景（時代、国等）や登場人物たちの葛藤や言葉を受けて、感動を覚えたり、自分が当たり前に持っていた価値観が揺さぶれることで、「次からはこう思って生きよう」あるいは「あのような登場人物のようにならないようにしよう」と意識して考えて行動するような変化が生じると思う。,10.273,175.043,135,med
A021,58,emotion,Emotion,emotion_v3,3,3,Q4. 先ほどの映像を観ている間に、あなたの気持ちはどのように変化しましたか？ 印象に残った場面とあわせて説明してください。,先ほどの映像を観て、私もできる限り楽しんで生きていきたいと感じた。最初はただ椅子に座っていた男性の表情が、映像が進むにつれて変化していく様子が印象的であった。また、この映画で「生きる」ということをこの作品の作者はどういうことであると言いたいのかどうかも気になった。,5.769,162.146,132,control
A022,59,emotion,Emotion,emotion_v3,3,5,Q4. 先ほどの映像を観ている間に、あなたの気持ちはどのように変化しましたか？ 印象に残った場面とあわせて説明してください。,最初は登場人物たちは何を考えている、どのような人たちなのだろうかということに興味があり、その後、二人の登場人物が歩いているような描写が混ざり込んできた辺りから、この後何が起きるのだろうかと、今後の展開に興味の矛先が切り替わった。最後に、突然切腹という文字が見えて、さらに今後の展開への興味が強まった。,22.95,153.941,150,short
A022,60,emotion,Emotion,emotion_v1,1,4,Q4. 先ほどの映像を観た後、あなたは最後にどのような感情が残りましたか？ 経緯を追って説明してください。,中心的な登場人物たちが自分と年齢がそこまで離れていなそうな女性たちだったこともあり、共感しようとする視点から映像を観たので、最後には、自分だったら様々な死と次々と向き合わなければならない中で、どう青春を過ごせるだろうかという問いとともに、漠然とした悲しみや切なさが残った。,4.914,147.098,136,med
A022,61,emotion,Emotion,emotion_v2,2,5,Q4. 「心が動く」とは、それまでの自分の見方や感じ方が揺さぶられる現象とも言えます。そのような揺らぎは、あなたの内側でどのような変化として現れると思いますか？,心が動くとき、自分が感じてきて記憶しているすべてのことから少しでも外れた部分、または既に経験してきたものを強烈に強化するものを、新しく感じて、それが払拭できない違和感のようなものとして立ち現れる。,24.494,132.954,98,control
A023,62,emotion,Emotion,emotion_v1,1,3,Q4. 先ほどの映像を観た後、あなたは最後にどのような感情が残りましたか？ 経緯を追って説明してください。,「ひめゆりの塔」というワードで戦時中の内容だとわかり、暗い気持ちになる→自分の祖母のことをなんとなく思い出す→学徒の人が兵士の人を海で倒れたまま煙の中に消えていくところを目で追うシーンを見て関係性を想像し暗い気持ちになる→全体的にしんどい気持ちになる,11.068,145.106,125,short
A023,63,emotion,Emotion,emotion_v3,3,4,Q4. 先ほどの映像を観ている間に、あなたの気持ちはどのように変化しましたか？ 印象に残った場面とあわせて説明してください。,白黒の武士の映像が最初に映る→江戸時代が舞台？と想像して鑑賞する→切腹？を迫られる、主人公と思われる男性が人に取り囲まれて正座している→映画村でこんなところ無かったな…と地元の事を考え始める→寺社の中で戦う映像が流れる→奈良県では？と想像しながら鑑賞する→突然撮影中の引きの映像が流れる→メイキングみたいなものか…と一瞬何のシーン？と理解できず混乱するが、すぐに理解する　このような流れで変化しました。,7.642,206.656,201,med
A023,64,emotion,Emotion,emotion_v2,2,3,Q4. 「心が動く」とは、それまでの自分の見方や感じ方が揺さぶられる現象とも言えます。そのような揺らぎは、あなたの内側でどのような変化として現れると思いますか？,動悸や頭がぼーっとするなど、いつも生活しているときには感じない表には出てこない体調の変化として現れると思います。,11.596,94.018,56,control
A024,65,emotion,Emotion,emotion_v2,2,2,Q4. 「心が動く」とは、それまでの自分の見方や感じ方が揺さぶられる現象とも言えます。そのような揺らぎは、あなたの内側でどのような変化として現れると思いますか？,ふとした瞬間に、心が動いた時のことを思い出す。今まで感じたことのない感情に襲われる。胸がザワザワしたり、意識が没入したりする。,16.634,78.516,63,short
A024,66,emotion,Emotion,emotion_v1,1,3,Q4. 先ほどの映像を観た後、あなたは最後にどのような感情が残りましたか？ 経緯を追って説明してください。,"何も成し遂げていない男は、自分の地位を守るために何もしないのが一番だと考えていた。
しかし、それを見て私は、何も目的もない、意志もなくただ生きているのはつまらないし、何かを失っているのでさえないかと感じた。特に何もせず生きている主人公の様子から、そのような人生は意味があるのか、自分で自ら考えて行動し、人生を切り開いていくことが重要であり、そのような意識を持つようにしていかなきゃいけないと考えさせられた。",12.398,145.336,203,med
A024,67,emotion,Emotion,emotion_v3,3,2,Q4. 先ほどの映像を観ている間に、あなたの気持ちはどのように変化しましたか？ 印象に残った場面とあわせて説明してください。,"昔の武士が戦っていた世界に引き込まれた。日本の歴史と伝統を感じた。
特に、最後の草原で二人の武士が戦っているところや、奥野武士が闘争をおこなっているシーンでは、戦の激しさを感じた。",10.06,88.806,90,control
A025,68,emotion,Emotion,emotion_v1,1,3,Q4. 先ほどの映像を観た後、あなたは最後にどのような感情が残りましたか？ 経緯を追って説明してください。,古い。映像が古くて、2023年の映画にしては古いな,10.332,34.034,25,short
A025,69,emotion,Emotion,emotion_v3,3,5,Q4. 先ほどの映像を観ている間に、あなたの気持ちはどのように変化しましたか？ 印象に残った場面とあわせて説明してください。,突然監督がうつって、これはどんな話なのかわからないけど、ストーリーが難しく集中して見れた気がする,2.395,58.82,48,med
A025,70,emotion,Emotion,emotion_v2,2,4,Q4. 「心が動く」とは、それまでの自分の見方や感じ方が揺さぶられる現象とも言えます。そのような揺らぎは、あなたの内側でどのような変化として現れると思いますか？,内面で胸が痛くなるような、自分を振り返って感じること,10.533,51.667,26,control
A027,71,emotion,Emotion,emotion_v1,1,2,Q4. 先ほどの映像を観た後、あなたは最後にどのような感情が残りましたか？ 経緯を追って説明してください。,人には慈悲の心を持て、自分を責めても人を責めるな、と子供に説く父親の姿を見て、そのように生きられたらいいだろうな、という尊敬のような気持ちが残った。,20.494,78.552,74,short
A027,72,emotion,Emotion,emotion_v2,2,3,Q4. 「心が動く」とは、それまでの自分の見方や感じ方が揺さぶられる現象とも言えます。そのような揺らぎは、あなたの内側でどのような変化として現れると思いますか？,ふとした時、選択をする場面などで自分の考えとは別にこんな考え方、見方があったな、と立ち止まるような感じ,12.716,84.475,51,med
A027,73,emotion,Emotion,emotion_v3,3,5,Q4. 先ほどの映像を観ている間に、あなたの気持ちはどのように変化しましたか？ 印象に残った場面とあわせて説明してください。,女が温泉に入っている男に自分を一生？守るように、と告げているシーンが、今の時代ではあまり考えられない質感で、男女観の違いを感じた。,15.502,149.824,65,control
A028,74,emotion,Emotion,emotion_v2,2,5,Q4. 「心が動く」とは、それまでの自分の見方や感じ方が揺さぶられる現象とも言えます。そのような揺らぎは、あなたの内側でどのような変化として現れると思いますか？,体が熱くなり、頭がじんじんする。考えていたことが急に色あせて見え、新しい真実にたどり着いた快感を覚える。どくどくと心臓がうるさく鳴り出し、高揚感でいてもたってもいられなくなる。それによって、自分の思考が変容し、より精密な、あるいは愚かな、世界に対する詳細な認知を得る。,8.172,81.524,134,short
A028,75,emotion,Emotion,emotion_v3,3,3,Q4. 先ほどの映像を観ている間に、あなたの気持ちはどのように変化しましたか？ 印象に残った場面とあわせて説明してください。,なるほど、怪談かと思いながら見ていたが、妖艶な女性の演技が鼻につくというかわざとらしく、かつ男女の閨の話がたくさん出てきてずいぶん俗物的だと思った。抱いてくれ、と怪しい女が言うシーンは、明らかに悪いことが起きているという演出が見え見えで冷めてしまった。,5.314,77.975,126,med
A028,76,emotion,Emotion,emotion_v1,1,2,Q4. 先ほどの映像を観た後、あなたは最後にどのような感情が残りましたか？ 経緯を追って説明してください。,武田信玄の影武者の話は眉唾ものでは？　という気持ちになり、まあ映画だからなんでもありか、と納得した。その後、史実の武田信玄はどうだったであろうかと考えたが記憶が定かではなく、信長と信玄が戦ったことや、家康が信玄から敗走し脱糞した話を断片的に思い出した。さらに、先ほどの映像は最初見たときに中世ヨーロッパの話かと思ったので、日本の戦国時代を描いたにしては西洋的すぎるな、音楽のせいだろうか、と思い出した。,5.112,130.999,201,control
A029,77,emotion,Emotion,emotion_v3,3,2,Q4. 先ほどの映像を観ている間に、あなたの気持ちはどのように変化しましたか？ 印象に残った場面とあわせて説明してください。,特に変化していない,19.352,16.408,9,short
A029,78,emotion,Emotion,emotion_v3,3,3,Q4. 先ほどの映像を観ている間に、あなたの気持ちはどのように変化しましたか？ 印象に残った場面とあわせて説明してください。,徳川家康が出てきた場面で戦場に出ていないんだと思った。,37.872,47.29,27,control
A029,79,emotion,Emotion,emotion_v1,1,2,Q4. 先ほどの映像を観た後、あなたは最後にどのような感情が残りましたか？ 経緯を追って説明してください。,幸せは周りの環境によるのではなく自分たちの考え方によって決まるのだと思った。,27.056,45.62,38,med
A001,2,summary,Summary,summary_v2,2,4,Q5. 先ほどの映像で起きたことを、映像を観ていない人にも伝わる一文で要約してください。,江戸か、戦国時代か、そのくらいの昔の人々の男女関係や、男同士の争いについてモノクロで描いたドラマだった,10.035,70.194,51,short
A001,3,summary,Summary,summary_v1,1,2,Q5. 先ほどの映像を一文で表すと、どのような物語になりますか？,ある世界で地位を守るために何もせず、ただ時間をつぶすだけの男の人生についての物語,6.71,24.207,40,med
A001,4,summary,Summary,summary_v1,1,2,Q5. 先ほどの映像を一文で表すと、どのような物語になりますか？,大いなる欲望に飲まれ、落ちぶれていく人間の醜さについての物語,4.659,29.658,30,control
A002,5,summary,Summary,summary_v1,1,5,Q5. 先ほどの映像を一文で表すと、どのような物語になりますか？,身分の低い武士と高い武士との感覚の違いによる隔たりが惹起したいさかい。,19.746,99.79,35,short
A002,6,summary,Summary,summary_v2,2,5,Q5. 先ほどの映像で起きたことを、映像を観ていない人にも伝わる一文で要約してください。,主人公の男性が孤独に目的なく街を周遊し、漫然とした一日を過ごす物語。,5.827,160.524,34,med
A002,7,summary,Summary,summary_v3,3,3,Q5. 先ほどの映像の中心的な出来事や意味を、一文でまとめてください。,主人公の武士を中心に、現在の体制や風潮を変えようと企てたために謀反だと疑われ、命が危うくなった。,102.552,135.012,48,control
A003,8,summary,Summary,summary_v2,2,4,Q5. 先ほどの映像で起きたことを、映像を観ていない人にも伝わる一文で要約してください。,侍たちが、お互いの理想や信念を突き通すために戦う映画の予告映像。,11.251,36.177,32,short
A003,9,summary,Summary,summary_v1,1,2,Q5. 先ほどの映像を一文で表すと、どのような物語になりますか？,自分の地位を守るためだけのつまらない人生を送っていた男が、新たな刺激を受け、自分の人生を見つめ直す。,7.942,74.795,50,med
A003,10,summary,Summary,summary_v3,3,4,Q5. 先ほどの映像の中心的な出来事や意味を、一文でまとめてください。,主人公が父の言葉を指針に生きていく,5.091,71.175,17,control
A004,11,summary,Summary,summary_v2,2,2,Q5. 先ほどの映像で起きたことを、映像を観ていない人にも伝わる一文で要約してください。,1人の侍が，大きな組織と関わりながら，敵を切り倒していく。,6.657,65.26,29,short
A004,12,summary,Summary,summary_v1,1,4,Q5. 先ほどの映像を一文で表すと、どのような物語になりますか？,男が魅力を持つ女に執着し，男の妻は落ちぶれてしまい，男自身も持っていたものを失ってしまう。,4.939,127.18,45,med
A004,13,summary,Summary,summary_v3,3,5,Q5. 先ほどの映像の中心的な出来事や意味を、一文でまとめてください。,主人公は権力を持った存在から疎まれ，切腹をさせられそうになったが抵抗したが，一対一の場面においては，覚悟を決めた姿を見せる。,11.373,100.801,62,control
A005,14,summary,Summary,summary_v2,2,4,Q5. 先ほどの映像で起きたことを、映像を観ていない人にも伝わる一文で要約してください。,処刑されそうになっている侍が、なんとかその場を抜け出すが、いよいよみつかり切腹に追い込まれる。,6.664,82.859,47,short
A005,15,summary,Summary,summary_v1,1,5,Q5. 先ほどの映像を一文で表すと、どのような物語になりますか？,侍としての立ち位置が危ぶまれる幕末において、必死にもがいている侍たちの姿。,9.979,27.391,37,med
A005,16,summary,Summary,summary_v3,3,3,Q5. 先ほどの映像の中心的な出来事や意味を、一文でまとめてください。,よごろうといちが愛を誓うが、いちが残念ながら侍衆に殺されてしまったので、よごろうが仇を打つ。,7.478,70.196,46,control
A006,17,summary,Summary,summary_v2,2,4,Q5. 先ほどの映像で起きたことを、映像を観ていない人にも伝わる一文で要約してください。,父から人に情をかけてみんなで幸せになれと言われた少女の人生,12.088,41.19,29,short
A006,18,summary,Summary,summary_v3,3,2,Q5. 先ほどの映像の中心的な出来事や意味を、一文でまとめてください。,第二次世界大戦における沖縄戦での女性学生の人生,6.934,39.849,23,med
A006,19,summary,Summary,summary_v1,1,4,Q5. 先ほどの映像を一文で表すと、どのような物語になりますか？,時代に左右されずに愛を優先した物語,9.103,50.43,17,control
A007,20,summary,Summary,summary_v2,2,5,Q5. 先ほどの映像で起きたことを、映像を観ていない人にも伝わる一文で要約してください。,侍という映画のプロモーション,33.903,14.436,14,short
A007,21,summary,Summary,summary_v3,3,2,Q5. 先ほどの映像の中心的な出来事や意味を、一文でまとめてください。,混乱の世の中で、欲に負けて破滅していく悲劇の様。,27.422,122.482,24,med
A007,22,summary,Summary,summary_v1,1,5,Q5. 先ほどの映像を一文で表すと、どのような物語になりますか？,一人の女性をめぐる男たちの諍いを表現した時代劇映画。,1.843,37.853,26,control
A008,23,summary,Summary,summary_v2,2,3,Q5. 先ほどの映像で起きたことを、映像を観ていない人にも伝わる一文で要約してください。,江戸時代頃を舞台にある男が妻をも忘れ、己の欲望を追い求め突き進む物語,8.981,56.985,34,short
A008,24,summary,Summary,summary_v3,3,4,Q5. 先ほどの映像の中心的な出来事や意味を、一文でまとめてください。,人が人として生きれるような世の中を作りたいという言葉が響いた,5.68,24.278,30,med
A008,25,summary,Summary,summary_v1,1,5,Q5. 先ほどの映像を一文で表すと、どのような物語になりますか？,戦国時代においての切腹か家族か選ぶ物語,7.808,30.39,19,control
A009,26,summary,Summary,summary_v2,2,2,Q5. 先ほどの映像で起きたことを、映像を観ていない人にも伝わる一文で要約してください。,白黒時代の映画の予告で、お父さんと娘の人情の物語,10.346,37.851,24,short
A009,27,summary,Summary,summary_v3,3,5,Q5. 先ほどの映像の中心的な出来事や意味を、一文でまとめてください。,侍の意地と存亡について,6.114,18.268,11,med
A009,28,summary,Summary,summary_v2,2,5,Q5. 先ほどの映像で起きたことを、映像を観ていない人にも伝わる一文で要約してください。,白黒映画の時代の、夫婦の関係性の話,3.624,19.542,17,control
A010,29,summary,Summary,summary_v3,3,3,Q5. 先ほどの映像の中心的な出来事や意味を、一文でまとめてください。,慎ましく働き詰めの妻と暮らす旦那がいたが、ある女に心惹かれてしまい、そちらに不貞行為を働くようになったことを知り自死しようとする妻。,4.925,64.781,66,short
A010,30,summary,Summary,summary_v2,2,4,Q5. 先ほどの映像で起きたことを、映像を観ていない人にも伝わる一文で要約してください。,おそらく地位を守っているだけに見えている上司が、普段どんな生活をしていてどのような孤独感を抱えているかを描いている。,3.857,21.925,58,med
A010,31,summary,Summary,summary_v1,1,5,Q5. 先ほどの映像を一文で表すと、どのような物語になりますか？,沖縄を攻めた米軍によって戦時中になってしまい、発足したひめゆり隊の女の子たちが、その中でも幸せや恋や青春を味わいながら生き抜いていく物語,5.309,49.272,68,control
A011,32,summary,Summary,summary_v1,1,3,Q5. 先ほどの映像を一文で表すと、どのような物語になりますか？,父から受け継いだ心のあり方を糧に、娘が強く生きていく物語。,6.265,33.901,29,short
A011,33,summary,Summary,summary_v2,2,4,Q5. 先ほどの映像で起きたことを、映像を観ていない人にも伝わる一文で要約してください。,戦国の世を生きる男が欲望に走り、妻を裏切り別の女性や出世への身に余る理想を掲げた結果、周りを巻き込み混乱を招いていく。,9.829,119.124,59,med
A011,34,summary,Summary,summary_v3,3,5,Q5. 先ほどの映像の中心的な出来事や意味を、一文でまとめてください。,強くあらんとする主人公とその周りに渦巻く陰謀、暗殺を中心に、幕末の世を描く。,16.924,87.545,38,control
A012,35,summary,Summary,summary_v1,1,5,Q5. 先ほどの映像を一文で表すと、どのような物語になりますか？,立場違いの二人に愛が芽生えたら、どのように障害を乗り越えるのか、乗り越えられないのか。,8.292,30.006,43,short
A012,36,summary,Summary,summary_v3,3,5,Q5. 先ほどの映像の中心的な出来事や意味を、一文でまとめてください。,家族を持つ侍が悪の侍と戦う。,7.726,15.112,14,med
A012,37,summary,Summary,summary_v2,2,3,Q5. 先ほどの映像で起きたことを、映像を観ていない人にも伝わる一文で要約してください。,特に情熱もなく、与えられたポストを失わないために何もせず日々を過ごすおじさんが、情熱的に生きる人を目の前に、生きる意味を考え始めた。,6.494,60.751,66,control
A013,38,summary,Summary,summary_v1,1,5,Q5. 先ほどの映像を一文で表すと、どのような物語になりますか？,戦時中の余裕のなさ。,23.475,27.405,10,short
A013,39,summary,Summary,summary_v3,3,2,Q5. 先ほどの映像の中心的な出来事や意味を、一文でまとめてください。,歴代戦国大名の戦のやりとり。,125.873,47.307,14,med
A013,40,summary,Summary,summary_v2,2,2,Q5. 先ほどの映像で起きたことを、映像を観ていない人にも伝わる一文で要約してください。,武士の戦い。,6.749,21.381,6,control
A015,41,summary,Summary,summary_v3,3,3,Q5. 先ほどの映像の中心的な出来事や意味を、一文でまとめてください。,浪人者の生き様,6.839,15.981,7,short
A015,42,summary,Summary,summary_v2,2,3,Q5. 先ほどの映像で起きたことを、映像を観ていない人にも伝わる一文で要約してください。,命の危機に瀕している家の長が、子供に守るべき言葉を伝えつつ、家宝を託すシーン,14.31,79.169,38,med
A015,43,summary,Summary,summary_v1,1,2,Q5. 先ほどの映像を一文で表すと、どのような物語になりますか？,第二次世界大戦中の沖縄において、男性のように戦った女学生たちの話,4.281,26.927,32,control
A016,44,summary,Summary,summary_v2,2,4,Q5. 先ほどの映像で起きたことを、映像を観ていない人にも伝わる一文で要約してください。,女の子が親と別れてからの壮絶な人生。,22.991,24.758,18,short
A016,45,summary,Summary,summary_v1,1,4,Q5. 先ほどの映像を一文で表すと、どのような物語になりますか？,戦争と青春。,26.667,5.204,6,med
A016,46,summary,Summary,summary_v3,3,5,Q5. 先ほどの映像の中心的な出来事や意味を、一文でまとめてください。,自分の人生を生きるべき,26.412,76.96,11,control
A018,47,summary,Summary,summary_v1,1,4,Q5. 先ほどの映像を一文で表すと、どのような物語になりますか？,家のために、妻に大奥に戻ることを打診した旦那が苦悩しつつも、侍として生きていく物語。,10.599,43.154,42,short
A018,48,summary,Summary,summary_v2,2,4,Q5. 先ほどの映像で起きたことを、映像を観ていない人にも伝わる一文で要約してください。,女性主人公が旦那の浮気等周囲の人々に翻弄される物語。,11.585,42.631,26,med
A018,49,summary,Summary,summary_v3,3,2,Q5. 先ほどの映像の中心的な出来事や意味を、一文でまとめてください。,切腹の場面だと思ったら急に周りの侍に斬りかかった。,5.787,29.333,25,control
A019,50,summary,Summary,summary_v3,3,4,Q5. 先ほどの映像の中心的な出来事や意味を、一文でまとめてください。,幻の信玄と織田、徳川軍の戦い,9.797,20.525,14,short
A019,51,summary,Summary,summary_v1,1,5,Q5. 先ほどの映像を一文で表すと、どのような物語になりますか？,主人公が侍として自分の信念を貫く物語,5.334,25.332,18,med
A019,52,summary,Summary,summary_v2,2,4,Q5. 先ほどの映像で起きたことを、映像を観ていない人にも伝わる一文で要約してください。,愛しているがゆえにかみ合わない男女2人の物語,6.514,46.471,22,control
A020,53,summary,Summary,summary_v1,1,5,Q5. 先ほどの映像を一文で表すと、どのような物語になりますか？,他人には哀れみの心を失うでないという亡き父からの教えを成長してからも強く信じている。,8.2,27.436,42,short
A020,54,summary,Summary,summary_v3,3,4,Q5. 先ほどの映像の中心的な出来事や意味を、一文でまとめてください。,何もしないことで、波風が立たず、変に誰かの目に留まることもなく、平穏にいられる、と考えるようになった人間の日常風景,41.424,64.365,57,med
A020,55,summary,Summary,summary_v2,2,5,Q5. 先ほどの映像で起きたことを、映像を観ていない人にも伝わる一文で要約してください。,主人公は要求された切腹を突っぱね、乱戦に持ち込んだ後、何度かの殺陣に巻き込まれた。,7.599,56.394,41,control
A021,56,summary,Summary,summary_v2,2,5,Q5. 先ほどの映像で起きたことを、映像を観ていない人にも伝わる一文で要約してください。,将軍と思しき男性が少女に残した言葉が繰り返され、様々な人物の回想が映し出される。,18.658,141.96,40,short
A021,57,summary,Summary,summary_v3,3,3,Q5. 先ほどの映像の中心的な出来事や意味を、一文でまとめてください。,女性の美しさや妖しさに魅了された男性の周りで悲劇的なことが起こる。,6.29,66.358,33,med
A021,58,summary,Summary,summary_v1,1,5,Q5. 先ほどの映像を一文で表すと、どのような物語になりますか？,生きる話,6.424,9.959,4,control
A022,59,summary,Summary,summary_v3,3,2,Q5. 先ほどの映像の中心的な出来事や意味を、一文でまとめてください。,正直あまり意味が理解できない部分が多かったが、侍としての考え方や生き様の違いがあって、戦いが発生した。,20.192,86.478,51,short
A022,60,summary,Summary,summary_v1,1,5,Q5. 先ほどの映像を一文で表すと、どのような物語になりますか？,沖縄にいる若い女学生たちが、戦争によって次々と襲う沢山の死と向き合いながら、どのような人生を過ごしていたのかという物語。,6.659,77.981,60,med
A022,61,summary,Summary,summary_v2,2,4,Q5. 先ほどの映像で起きたことを、映像を観ていない人にも伝わる一文で要約してください。,亡くなった武田信玄の代わりに影武者が立ち回っていることを知る人が殆どいない中で、武田信玄の味方や、周囲の武将たちがどのような思惑でどう立ち回ったのかを追う。,5.759,187.664,78,control
A023,62,summary,Summary,summary_v2,2,4,Q5. 先ほどの映像で起きたことを、映像を観ていない人にも伝わる一文で要約してください。,戦時中の生活や身に降りかかったことを若い女性目線でフィクションもおそらく混ぜて描かれたもの。,6.62,89.962,46,short
A023,63,summary,Summary,summary_v1,1,5,Q5. 先ほどの映像を一文で表すと、どのような物語になりますか？,武士の生き様の一部,7.229,31.127,9,med
A023,64,summary,Summary,summary_v3,3,5,Q5. 先ほどの映像の中心的な出来事や意味を、一文でまとめてください。,生きていく中で出会いや別れ、人との絆、生きるとはどういうことかを問う内容。,44.672,79.488,37,control
A024,65,summary,Summary,summary_v3,3,5,Q5. 先ほどの映像の中心的な出来事や意味を、一文でまとめてください。,一国の主人である主人公が娘に対して、慈悲深さや情けの重要性を伝えている場面で、国を追う責任の中でも周りの人を裏切らず大事にしなさいというメッセージが感じられた。,12.52,75.479,80,short
A024,66,summary,Summary,summary_v1,1,5,Q5. 先ほどの映像を一文で表すと、どのような物語になりますか？,何もせず地位を守るためだけに生きる主人公を通じ、生きていく上で何が本当に重要なのかを考えさせてくれる物語。,3.903,26.895,53,med
A024,67,summary,Summary,summary_v2,2,3,Q5. 先ほどの映像で起きたことを、映像を観ていない人にも伝わる一文で要約してください。,封建制度のあった時代の日本において、命をかけた武士の決闘が始まる。,8.997,41.968,33,control
A025,68,summary,Summary,summary_v3,3,2,Q5. 先ほどの映像の中心的な出来事や意味を、一文でまとめてください。,女に惑わされた旦那を持つ妻の復讐,5.053,48.726,16,short
A025,69,summary,Summary,summary_v2,2,4,Q5. 先ほどの映像で起きたことを、映像を観ていない人にも伝わる一文で要約してください。,戦国時代の一人の男の話,4.808,8.509,11,med
A025,70,summary,Summary,summary_v1,1,3,Q5. 先ほどの映像を一文で表すと、どのような物語になりますか？,幕末時代の男の生き方,5.444,13.204,10,control
A027,71,summary,Summary,summary_v3,3,3,Q5. 先ほどの映像の中心的な出来事や意味を、一文でまとめてください。,平安時代のような時代で、何らかの事情で家を離れなければならない父が娘に慈悲の心の大切さを教えている。,2.594,42.775,50,short
A027,72,summary,Summary,summary_v1,1,5,Q5. 先ほどの映像を一文で表すと、どのような物語になりますか？,明治時代のような時代で、生きる気力のなさそうな男がそれでも生きている話,2.968,36.656,35,med
A027,73,summary,Summary,summary_v2,2,4,Q5. 先ほどの映像で起きたことを、映像を観ていない人にも伝わる一文で要約してください。,戦国時代の中で起きた男女のもつれや厳しい生活の中での葛藤を描いている。,3.666,53.007,35,control
A028,74,summary,Summary,summary_v2,2,2,Q5. 先ほどの映像で起きたことを、映像を観ていない人にも伝わる一文で要約してください。,父親が幼い息子に、永久の別れを前におのれの信条を伝え、それがその息子の成長に大きく影響したことを暗示していた。,3.729,72.181,55,short
A028,75,summary,Summary,summary_v1,1,5,Q5. 先ほどの映像を一文で表すと、どのような物語になりますか？,分不相応な女に狂わされた男が、おのれを見誤りすべてを失う物語。,3.72,28.632,31,med
A028,76,summary,Summary,summary_v3,3,5,Q5. 先ほどの映像の中心的な出来事や意味を、一文でまとめてください。,武田信玄が亡くなったことにより影武者が立てられ、それが天下統一に向けて蠢く大名たちへ進退の決断を迫った。,2.826,44.199,52,control
A029,77,summary,Summary,summary_v3,3,5,Q5. 先ほどの映像の中心的な出来事や意味を、一文でまとめてください。,強がりの武田を織田と徳川で共闘する。,10.184,40.696,18,short
A029,78,summary,Summary,summary_v3,3,2,Q5. 先ほどの映像の中心的な出来事や意味を、一文でまとめてください。,武田信玄をみんなが攻めている。,13.887,24.303,15,control
A029,79,summary,Summary,summary_v2,2,5,Q5. 先ほどの映像で起きたことを、映像を観ていない人にも伝わる一文で要約してください。,幸せは自分で作るもの,7.685,26.875,10,med
